participant_id,video_file,gloss,asl_lex_code,split,success,error_message,total_frames,fps,duration_seconds,width,height,aspect_ratio,mean_brightness,brightness_variation,mean_contrast,edge_density,motion_intensity
P43,758835724170823-PARK.mp4,PARK,E_03_028,train,True,,107.0,29.971989,3.57,640.0,480.0,1.3333334,110.1918,50.983665,49.898254,0.0645,45.060833
P43,4296628437490111-SOCCER 2.mp4,SOCCER2,F_03_032,train,True,,118.0,29.918863,3.944,640.0,480.0,1.3333334,130.90935,2.0498765,63.27904,0.078854166,23.351301
P43,8974586496745574-STINK.mp4,STINK,H_01_064,train,True,,119.0,29.922052,3.977,640.0,480.0,1.3333334,134.44485,3.621374,66.025955,0.08503125,11.942448
P43,7887674832651268-ROSE.mp4,ROSE,G_03_024,train,True,,106.0,29.9689,3.537,640.0,480.0,1.3333334,137.73221,2.4221156,62.441498,0.078395836,11.828998
P43,2533700608131162-HUG.mp4,HUG,G_02_036,train,True,,108.0,30.0,3.6,640.0,480.0,1.3333334,139.27405,3.7800093,61.915874,0.080458336,15.788346
P43,39724298100683586-TUBE.mp4,TUBE,G_03_042,train,True,,127.0,30.002363,4.233,640.0,480.0,1.3333334,139.24426,3.4470074,65.12181,0.08303125,16.279245
P43,6447224024551217-COUNT.mp4,COUNT,G_02_054,train,True,,110.0,29.915691,3.677,640.0,480.0,1.3333334,136.69173,3.1701636,65.40744,0.0840625,16.485977
P43,3597949009905055-NICE.mp4,NICE,G_03_059,train,True,,122.0,29.916626,4.078,640.0,480.0,1.3333334,139.94635,4.845559,64.40489,0.08159375,16.671276
P43,6760439916067384-EASY TO_DO.mp4,EASYTODO,G_02_073,train,True,,148.0,29.917122,4.947,640.0,480.0,1.3333334,142.27106,5.792171,63.569378,0.08114583,14.8250265
P43,7188185690882314-INFLUENCE.mp4,INFLUENCE,H_02_031,train,True,,115.0,29.916754,3.844,640.0,480.0,1.3333334,138.00267,4.8285313,64.3503,0.0883125,17.850403
P43,011333819686008217-PEACOCK.mp4,PEACOCK,G_02_088,train,True,,124.0,29.915562,4.145,640.0,480.0,1.3333334,141.25334,3.84622,65.28901,0.08560417,15.142578
P43,7303477097205586-CIRCUSWHEEL.mp4,CIRCUSWHEEL,H_02_065,train,True,,155.0,29.998064,5.167,640.0,480.0,1.3333334,126.32519,4.358361,62.7856,0.0793125,15.3828125
P43,024011464372713398-NOSE.mp4,NOSE,G_03_075,train,True,,100.0,30.003,3.333,640.0,480.0,1.3333334,137.72453,1.5164365,65.56852,0.080677085,10.202162
P43,9759517528565997-GYM.mp4,GYM,G_03_003,train,True,,121.0,29.972752,4.037,640.0,480.0,1.3333334,138.33905,2.50579,66.28918,0.08404167,16.599531
P43,6869661482649054-WEAVE.mp4,WEAVE,H_02_081,train,True,,92.0,29.99674,3.067,640.0,480.0,1.3333334,112.380356,52.032482,51.25047,0.06552083,49.27806
P43,9576162261212695-SMOOTH.mp4,SMOOTH,H_02_101,train,True,,127.0,29.91755,4.245,640.0,480.0,1.3333334,142.28918,1.7196914,65.737976,0.084916666,16.896667
P43,402799943476833-BACKPACK.mp4,BACKPACK1,G_03_091,train,True,,126.0,30.0,4.2,640.0,480.0,1.3333334,138.2876,4.191943,63.831844,0.08354167,16.044088
P43,193766215011427-WE.mp4,WE,G_03_019,train,True,,95.0,29.996843,3.167,640.0,480.0,1.3333334,134.99521,0.88905954,65.25626,0.080291666,15.986289
P43,21062694853324015-DOWNHILL.mp4,DOWNHILL,H_03_012,train,True,,133.0,29.921259,4.445,640.0,480.0,1.3333334,139.33713,1.109897,66.03743,0.08272917,20.86336
P43,2033811194245334-JUICE 2.mp4,JUICE1,G_03_035,train,True,,96.0,29.915861,3.209,640.0,480.0,1.3333334,135.7371,0.35083142,64.864456,0.08040625,11.210182
P43,10519132337113168-SCOLD.mp4,SCOLD,H_01_008,train,True,,77.0,29.91453,2.574,640.0,480.0,1.3333334,135.96242,1.0325406,64.28504,0.081375,10.430417
P43,9375257849788068-POWDER.mp4,POWDER,H_01_026,train,True,,120.0,29.835903,4.022,640.0,480.0,1.3333334,136.69058,0.50654215,64.94979,0.07965625,16.851055
P43,8567560062300015-SOCIAL.mp4,SOCIAL,H_03_030,train,True,,110.0,30.278,3.6330009,640.0,480.0,1.3333334,121.20905,2.3480196,60.245586,0.076104164,21.39741
P43,0009701491968876486-PULL CONVINCE.mp4,PULLCONVINCE,G_03_069,train,True,,103.0,30.002913,3.433,640.0,480.0,1.3333334,137.35973,3.3316736,64.672386,0.07689583,18.394701
P43,941566774478487-CAPTURE.mp4,CAPTURE,H_03_048,train,True,,119.0,29.997478,3.967,640.0,480.0,1.3333334,140.88815,5.463191,63.507824,0.08447917,21.97647
P43,79908701976413-PONDER.mp4,PONDER,H_01_043,train,True,,101.0,29.99703,3.367,640.0,480.0,1.3333334,138.29982,2.0829735,66.18285,0.09005208,12.50862
P43,12346770580162225-JOKE.mp4,JOKE,G_03_086,train,True,,116.0,29.974161,3.87,640.0,480.0,1.3333334,137.69481,3.7040706,63.51836,0.084947914,21.838684
P43,39620919491442197-SOCIETY.mp4,SOCIETY,H_01_002,train,True,,107.0,29.971989,3.57,640.0,480.0,1.3333334,133.84038,4.4734206,62.640137,0.08007292,18.364428
P43,7646621786777874-WATERDROP.mp4,WATERDROP,H_01_019,train,True,,114.0,29.921259,3.81,640.0,480.0,1.3333334,131.71315,5.820592,65.8108,0.083875,20.671783
P43,2590930129006048-ANYONE.mp4,ANYONE,H_01_059,train,True,,116.0,29.974161,3.87,640.0,480.0,1.3333334,137.2943,3.2036092,64.23226,0.0799375,13.351836
P43,9467535744773914-MAPLE.mp4,MAPLE,H_03_064,train,True,,183.0,30.0,6.1,640.0,480.0,1.3333334,138.55917,2.0175369,65.896385,0.0860625,21.044687
P43,4700164980726875-CEMETERY.mp4,CEMETERY,H_01_037,train,True,,104.0,29.919447,3.476,640.0,480.0,1.3333334,143.00725,5.9373603,64.75932,0.08408333,18.268646
P43,6566958242484378-FAIL.mp4,FAIL,H_01_077,train,True,,110.0,29.915691,3.677,640.0,480.0,1.3333334,146.712,5.913548,64.59533,0.08505208,19.242943
P43,04374941905926821-KNIGHT.mp4,KNIGHT1,H_01_054,train,True,,140.0,29.997858,4.667,640.0,480.0,1.3333334,137.77141,4.392128,65.60536,0.08557291,18.944231
P43,7494826589826964-ALL OF_SUDDEN.mp4,ALLOFSUDDEN,H_01_096,train,True,,119.0,29.967262,3.971,640.0,480.0,1.3333334,142.18338,4.255377,63.883102,0.08454166,13.651953
P43,038096166121724284-TOTAL.mp4,TOTAL,H_01_071,train,True,,103.0,29.967995,3.437,640.0,480.0,1.3333334,133.04074,17.436764,61.89229,0.074614584,26.095482
P43,05399800038436342-COOL 3.mp4,COOL3,H_03_099,train,True,,87.0,30.398,2.8620305,640.0,480.0,1.3333334,139.35983,1.9597207,65.23418,0.08330208,13.651393
P43,7562077282774307-FASHION.mp4,FASHION,J_01_010,train,True,,97.0,30.003094,3.233,640.0,480.0,1.3333334,115.6709,53.79026,52.856094,0.06134375,47.586903
P43,3239316431732939-LONG AGO.mp4,LONGAGO,J_01_026,train,True,,104.0,29.997116,3.467,640.0,480.0,1.3333334,136.66614,2.3700855,65.67302,0.0818125,20.165508
P43,9937921981224223-BECOME.mp4,BECOME,H_02_008,train,True,,104.0,29.919447,3.476,640.0,480.0,1.3333334,145.44604,4.4359174,64.90681,0.08478125,16.217436
P43,30139252759341084-IMPROVE.mp4,IMPROVE,H_02_003,train,True,,104.0,29.84218,3.485,640.0,480.0,1.3333334,137.16388,4.8258324,64.44783,0.08129167,19.060247
P43,8583121038136252-UNCERTAIN.mp4,UNCERTAIN,H_02_020,train,True,,85.0,29.97179,2.836,640.0,480.0,1.3333334,138.69185,1.6138191,64.652916,0.08119792,9.284583
P43,7108325310454742-GREET.mp4,GREET1,J_01_042,train,True,,88.0,29.921795,2.941,640.0,480.0,1.3333334,131.94417,5.1915646,64.89494,0.08415625,20.404167
P43,45598940201514604-PROPOSE.mp4,PROPOSE,H_02_026,train,True,,108.0,30.0,3.6,640.0,480.0,1.3333334,141.3846,3.9957335,64.87057,0.083,16.824556
P43,36439437341311876-TOSS OUT.mp4,TOSSOUT,H_02_037,train,True,,103.0,30.002913,3.433,640.0,480.0,1.3333334,140.91237,2.7821405,65.53308,0.081135415,10.89823
P43,42205716128135684-SQUARE.mp4,SQUARE,J_01_060,train,True,,109.0,29.969755,3.637,640.0,480.0,1.3333334,134.12422,2.8577783,64.93519,0.08388542,13.152136
P43,8507496487441046-EMPTY 2.mp4,EMPTY2,J_01_077,train,True,,111.0,29.919138,3.71,640.0,480.0,1.3333334,136.4312,5.337742,63.35468,0.07771875,17.379011
P43,5471756985478564-PACK.mp4,PACK,H_02_060,train,True,,120.0,29.97003,4.004,640.0,480.0,1.3333334,133.827,1.2478076,64.82522,0.0805,14.713737
P43,014439537236845323-THANK YOU.mp4,THANKYOU,H_02_053,train,True,,89.0,29.99663,2.967,640.0,480.0,1.3333334,139.35776,1.5964801,64.8227,0.08136459,8.35224
P43,9660332860584313-EACH OTHER.mp4,EACHOTHER,H_02_076,train,True,,111.0,29.919138,3.71,640.0,480.0,1.3333334,138.83923,2.176855,64.61005,0.08114583,21.014023
P43,2960846729876947-PRECIOUS.mp4,PRECIOUS,H_02_071,train,True,,102.0,29.920797,3.409,640.0,480.0,1.3333334,137.31396,3.7813568,63.689507,0.0808125,13.753607
P43,20674469249057004-WILL GO.mp4,WILLGO,J_01_095,train,True,,95.0,29.996843,3.167,640.0,480.0,1.3333334,149.61235,1.6386125,68.01312,0.082625,12.464544
P43,755249976547044-LAY DOWN.mp4,LAYDOWN,J_02_004,train,True,,91.0,30.003298,3.033,640.0,480.0,1.3333334,141.91931,4.812463,64.06686,0.0838125,19.413893
P43,17442789980546958-PARANOID.mp4,PARANOID,J_02_021,train,True,,93.0,29.92278,3.108,640.0,480.0,1.3333334,136.63844,4.019033,67.5211,0.083291665,18.99526
P43,9616610768591958-ALASKA.mp4,ALASKA,H_02_087,train,True,,106.0,29.918148,3.543,640.0,480.0,1.3333334,138.25763,4.1605773,64.97605,0.08559375,16.466797
P43,0463437829118285-EXPERIMENT.mp4,EXPERIMENT,H_03_002,train,True,,97.0,30.331,3.198048,640.0,480.0,1.3333334,139.58072,3.29877,65.35397,0.07676042,16.77931
P43,521252855673408-ARTICLE.mp4,ARTICLE,J_02_041,train,True,,90.0,29.920214,3.008,640.0,480.0,1.3333334,133.83435,3.896858,63.17704,0.082125,14.549779
P43,2606706487253887-EVERY NIGHT.mp4,EVERYNIGHT,J_02_058,train,True,,118.0,30.002542,3.933,640.0,480.0,1.3333334,135.10884,1.8392074,64.77129,0.08222917,15.807513
P43,5566226287714806-GET TOGETHER.mp4,GETTOGETHER,J_02_073,train,True,,97.0,30.003094,3.233,640.0,480.0,1.3333334,141.6463,6.481848,65.10801,0.08690625,19.398567
P43,20592677719120855-STORY 3.mp4,STORY1,H_03_007,train,True,,93.0,29.970995,3.103,640.0,480.0,1.3333334,133.9792,2.1213188,63.88176,0.07864583,14.084049
P43,4720341414338516-SQUEEZE.mp4,SQUEEZE,H_03_019,train,True,,100.0,29.967037,3.337,640.0,480.0,1.3333334,132.35854,2.7323787,62.48873,0.081895836,17.297369
P43,6730670843247284-REMOVE.mp4,REMOVE,J_02_092,train,True,,88.0,30.00341,2.933,640.0,480.0,1.3333334,133.99707,1.2649683,64.13749,0.08171875,9.742019
P43,5281046535919289-KNOCK OFF.mp4,KNOCKOFF,H_03_035,train,True,,89.0,29.99663,2.967,640.0,480.0,1.3333334,136.8095,2.9802358,65.96178,0.085083336,12.452227
P43,898137236917232-MOSQUITO.mp4,MOSQUITO,H_03_053,train,True,,95.0,29.921259,3.175,640.0,480.0,1.3333334,137.2862,2.3027735,64.56471,0.0801875,12.25931
P43,7566090091231854-BETWEEN.mp4,BETWEEN,J_03_003,train,True,,92.0,29.967426,3.07,640.0,480.0,1.3333334,111.4343,51.23278,50.27839,0.063708335,43.697163
P43,381603803230792-TOY 3.mp4,TOY1,H_03_070,train,True,,88.0,30.709,2.8656094,640.0,480.0,1.3333334,135.87596,4.1697364,64.26632,0.08335417,13.587578
P43,83501206885551-SPICY.mp4,SPICY,J_03_036,train,True,,76.0,29.968454,2.536,640.0,480.0,1.3333334,141.53325,1.5231745,65.23077,0.08011458,9.147344
P43,894975060052229-JEWELRY.mp4,JEWELRY,H_03_040,train,True,,80.0,29.99625,2.667,640.0,480.0,1.3333334,135.34325,2.0739944,61.72209,0.082166664,11.159453
P43,18793028836248604-BULLSHIT.mp4,BULLSHIT,J_03_053,train,True,,80.0,29.99625,2.667,640.0,480.0,1.3333334,122.7754,2.3770714,58.873047,0.07513542,9.347122
P43,569210588467929-ADVANTAGE.mp4,ADVANTAGE,H_03_059,train,True,,88.0,30.334,2.901035,640.0,480.0,1.3333334,137.15797,3.3111184,62.61285,0.07639583,12.928685
P43,09947880888502714-WHISPER.mp4,WHISPER,H_03_075,train,True,,114.0,30.311,3.761011,640.0,480.0,1.3333334,133.30519,2.0794559,63.383728,0.07825,17.831549
P43,49865855082032207-SIGN PAPER.mp4,SIGNPAPER,H_03_094,train,True,,97.0,30.003094,3.233,640.0,480.0,1.3333334,135.8898,2.070995,62.498806,0.08251042,12.650703
P43,29409424485968594-THERAPY.mp4,THERAPY,H_03_088,train,True,,86.0,29.996511,2.867,640.0,480.0,1.3333334,143.70564,2.4579744,62.999294,0.08053125,13.284154
P43,2575534049318191-DONT FEEL_LIKE.mp4,DONTFEELLIKE,J_01_005,train,True,,111.0,30.0,3.7,640.0,480.0,1.3333334,143.85521,2.7052674,64.06367,0.07882292,15.160755
P43,45557909255564133-LEAVE ALONE.mp4,LEAVEALONE,H_03_105,train,True,,86.0,29.923452,2.874,640.0,480.0,1.3333334,133.35869,1.6766329,62.794,0.07548958,13.7721615
P43,674029804447982-COMMUNITY.mp4,COMMUNITY,J_01_015,train,True,,104.0,29.997116,3.467,640.0,480.0,1.3333334,139.6897,0.7297747,64.02642,0.08140625,12.163164
P43,45522547932041335-CLIENT.mp4,CLIENT,J_01_031,train,True,,80.0,30.429,2.629071,640.0,480.0,1.3333334,137.73799,2.5273085,63.2156,0.07869792,12.346016
P43,12841038226728507-BREAKFAST.mp4,BREAKFAST1,J_01_053,train,True,,72.0,30.239,2.381031,640.0,480.0,1.3333334,139.52437,0.77323025,63.544827,0.07845833,8.093919
P40,9017819727277792-MAKE BELIEVE.mp4,MAKEBELIEVE,J_02_097,train,True,,93.0,30.0,3.1,640.0,480.0,1.3333334,109.73354,2.987898,82.51777,0.04621875,12.775807
P43,8311677579369254-TURN.mp4,TURN,J_01_065,train,True,,82.0,29.916088,2.741,640.0,480.0,1.3333334,138.4062,1.2567302,62.800438,0.08217708,8.804257
P40,07925142118956563-ROAR.mp4,ROAR1,J_03_062,train,True,,97.0,29.975279,3.236,640.0,480.0,1.3333334,128.87964,4.098602,80.58409,0.0464375,16.993126
P43,7465920316461632-CORNER.mp4,CORNER,J_03_071,train,True,,83.0,29.97472,2.769,640.0,480.0,1.3333334,136.80736,1.939497,61.823902,0.07696875,19.727331
P43,43276646791952444-HATBRIM.mp4,HATBRIM,J_03_106,train,True,,79.0,29.924242,2.64,640.0,480.0,1.3333334,133.77855,4.043298,64.436485,0.082166664,15.022903
P43,11256279965151816-GOODY GOODY_SHOE_OPPOSITE.mp4,GOODYGOODYSHOEOPPOSITE,J_01_072,train,True,,93.0,30.0,3.1,640.0,480.0,1.3333334,130.40828,2.3711488,62.579197,0.07276042,15.334192
P43,9961559221980916-CASTLE 2.mp4,CASTLE2,K_01_017,train,True,,91.0,30.003298,3.033,640.0,480.0,1.3333334,143.8472,7.713113,67.195656,0.087645836,19.268229
P43,07723427108584646-LEND.mp4,LEND,J_01_088,train,True,,106.0,29.9689,3.537,640.0,480.0,1.3333334,138.12192,3.8415856,61.947464,0.07491667,15.905625
P43,8178271536533821-SOPHOMORE.mp4,SOPHOMORE,J_01_107,train,True,,82.0,30.003658,2.733,640.0,480.0,1.3333334,112.358055,51.994736,51.309464,0.062,41.644634
P43,7664259084466163-SUPERVISOR.mp4,SUPERVISOR,J_02_010,train,True,,102.0,30.0,3.4,640.0,480.0,1.3333334,139.52284,2.1030307,62.82383,0.07490625,12.489739
P43,9288473092874621-SWEAR IN.mp4,SWEARIN,J_02_016,train,True,,69.0,30.517,2.2610347,640.0,480.0,1.3333334,134.37666,3.8921802,64.919174,0.08488542,11.32698
P43,9061603512813023-CHEW 2.mp4,CHEW1,J_02_027,train,True,,76.0,30.003948,2.533,640.0,480.0,1.3333334,136.04251,1.4018569,64.59523,0.07354166,7.8721614
P40,019857324285245337-REPLACE.mp4,REPLACE,J_03_007,train,True,,93.0,30.0,3.1,640.0,480.0,1.3333334,124.68326,8.566986,77.88602,0.048760418,17.050898
P43,4943011241002053-INSTITUTE.mp4,INSTITUTE,J_02_047,train,True,,72.0,30.366,2.371073,640.0,480.0,1.3333334,136.97948,0.83851665,64.36033,0.079385415,12.9989195
P43,0029775581086972647-LICK ENVELOPE.mp4,LICKENVELOPE1,K_01_035,train,True,,94.0,29.97449,3.136,640.0,480.0,1.3333334,137.63216,2.5588205,63.02736,0.075833336,17.138464
P40,017681579754439847-SELL.mp4,SELL,J_03_024,train,True,,92.0,29.9187,3.075,640.0,480.0,1.3333334,133.7992,6.370488,87.347664,0.043760415,17.012579
P43,701606421745-PERCEIVE.mp4,PERCEIVE,J_02_063,train,True,,88.0,29.921795,2.941,640.0,480.0,1.3333334,131.763,6.271824,64.42363,0.07980208,11.370638
P40,7187051011859877-FOCUS.mp4,FOCUS,J_03_056,train,True,,120.0,29.917727,4.011,640.0,480.0,1.3333334,108.36319,7.0669127,77.050545,0.040270835,13.545521
P43,01536327929851189-STUMBLE.mp4,STUMBLE,J_02_079,train,True,,99.0,29.837252,3.318,640.0,480.0,1.3333334,133.33765,4.0511007,64.62653,0.07567708,15.514531
P40,28849242857630597-EXPERT.mp4,EXPERT,J_03_099,train,True,,131.0,29.915506,4.379,640.0,480.0,1.3333334,115.76589,1.1614987,77.91764,0.03809375,7.904883
P43,7474307151425281-CELEBRATE.mp4,CELEBRATE,J_02_100,train,True,,85.0,29.97179,2.836,640.0,480.0,1.3333334,129.14877,6.594228,64.037094,0.080145836,13.683867
P40,7048840334372948-GRAPES 2.mp4,GRAPES2,K_01_010,train,True,,115.0,30.00261,3.833,640.0,480.0,1.3333334,119.98023,1.2751597,79.42729,0.041229166,10.616172
P43,2798436297536455-TOSS.mp4,TOSS,J_03_009,train,True,,106.0,29.918148,3.543,640.0,480.0,1.3333334,138.6627,2.2586586,63.215534,0.07546875,11.675091
P40,6105643191163064-RHINO 2.mp4,RHINO1,K_03_116,train,True,,118.0,29.97206,3.937,640.0,480.0,1.3333334,116.9155,6.115904,80.65846,0.039614584,14.882018
P43,3361252621280326-WIDE.mp4,WIDE,J_02_052,train,True,,101.0,29.970325,3.37,640.0,480.0,1.3333334,133.3079,3.4907608,65.03642,0.077947915,13.643594
P40,7921459983875652-BLEED.mp4,BLEED,J_03_075,train,True,,130.0,29.967728,4.338,640.0,480.0,1.3333334,115.286674,2.7237453,76.26883,0.041010417,10.866914
P43,503159105594591-PEEL 2.mp4,PEEL1,K_01_052,train,True,,101.0,29.970325,3.37,640.0,480.0,1.3333334,134.60104,4.746085,62.044395,0.07735417,16.83461
P40,20141323399383038-POOR.mp4,POOR,C_02_011,train,True,,126.0,29.921635,4.211,640.0,480.0,1.3333334,117.48429,3.2762685,76.809074,0.039802082,14.580325
P43,17777316675017052-DOG.mp4,DOG1,A_01_056,train,True,,76.0,30.003948,2.533,640.0,480.0,1.3333334,135.26997,4.4635077,64.74396,0.07501042,12.571328
P40,5503868341096074-DEVELOP.mp4,DEVELOP1,J_03_092,train,True,,112.0,30.002678,3.733,640.0,480.0,1.3333334,115.05722,2.4307065,76.06886,0.039510418,7.1628385
P43,6937971182098084-BOWLING 2.mp4,BOWLING2,K_01_067,train,True,,82.0,29.916088,2.741,640.0,480.0,1.3333334,134.83945,0.9729811,63.38704,0.07298958,12.33983
P40,24840096622109953-KISS 3.mp4,KISS2,K_01_005,train,True,,101.0,29.99703,3.367,640.0,480.0,1.3333334,115.158134,0.8763901,77.227036,0.038916666,9.856888
P43,5175941281598448-RIDE 2.mp4,RIDE1,J_03_026,train,True,,89.0,29.915966,2.975,640.0,480.0,1.3333334,133.41437,1.4280262,63.0987,0.07723958,15.536041
P40,7093937539123578-IPHONE.mp4,IPHONE,K_01_021,train,True,,90.0,30.0,3.0,640.0,480.0,1.3333334,112.23743,2.4189644,77.00456,0.038020834,7.6316795
P43,8081668677951284-FLOAT 3.mp4,FLOAT1,K_01_082,train,True,,114.0,29.968454,3.804,640.0,480.0,1.3333334,133.00067,4.1923156,64.28303,0.07402083,18.728931
P40,33180929301495143-GRANDMOTHER.mp4,GRANDMOTHER,C_02_027,train,True,,100.0,29.967037,3.337,640.0,480.0,1.3333334,116.626945,1.4408273,76.65632,0.038802084,9.399557
P43,1286434199130273-THEORY.mp4,THEORY,J_03_042,train,True,,71.0,30.0,2.3666666,640.0,480.0,1.3333334,140.19106,6.989368,64.90868,0.075666666,14.597591
P40,6248629879037961-BRA 2.mp4,BRA2,K_01_090,train,True,,88.0,29.972752,2.936,640.0,480.0,1.3333334,115.329636,0.267159,77.30728,0.04015625,10.738659
P43,1108717638938157-SHORT WORD.mp4,SHORTWORD,J_02_087,train,True,,58.0,30.005173,1.933,640.0,480.0,1.3333334,134.6521,0.6160315,62.63446,0.069729164,7.634375
P40,8305535105258888-CARROT 2.mp4,CARROT3,K_01_105,train,True,,83.0,29.920692,2.774,640.0,480.0,1.3333334,113.92957,2.6034944,77.823586,0.039354168,8.783216
P43,13132445002758897-LABEL.mp4,LABEL,J_02_105,train,True,,82.0,29.97076,2.736,640.0,480.0,1.3333334,136.00925,3.1052155,62.175137,0.07670833,16.281445
P40,24715605354350778-BALL.mp4,BALL,C_02_044,train,True,,95.0,29.996843,3.167,640.0,480.0,1.3333334,115.59879,2.8279016,76.00279,0.040135417,7.6161327
P43,2886495359866825-FIRED.mp4,FIRED,J_03_058,train,True,,92.0,29.967426,3.07,640.0,480.0,1.3333334,141.70772,2.3029706,64.18625,0.07841667,11.495403
P40,8317676984337925-VILLAGE.mp4,VILLAGE,K_01_121,train,True,,110.0,29.972752,3.67,640.0,480.0,1.3333334,120.0512,5.1298842,75.45397,0.044479165,12.008398
P40,7543438536817044-FURNITURE.mp4,FURNITURE,C_02_059,train,True,,89.0,29.99663,2.967,640.0,480.0,1.3333334,116.12696,1.869042,76.67113,0.040229168,6.6883073
P40,10967239838402598-WITH.mp4,WITH,C_02_074,train,True,,91.0,29.97365,3.036,640.0,480.0,1.3333334,119.18148,3.531104,76.46756,0.040927082,9.836068
P40,703831493724637-EARTH.mp4,EARTH,C_03_002,train,True,,91.0,29.91453,3.042,640.0,480.0,1.3333334,114.32129,1.1222308,76.27229,0.04191667,13.252552
P43,6764651962786699-ADVERTISE.mp4,ADVERTISE,J_03_015,train,True,,89.0,29.915966,2.975,640.0,480.0,1.3333334,141.088,1.933425,64.215996,0.07920834,12.596094
P40,8448676184696655-TOW 3.mp4,TOW1,K_02_010,train,True,,87.0,29.917469,2.908,640.0,480.0,1.3333334,113.73401,0.69501483,76.19748,0.044875,18.166954
P43,9971994773105604-DEMOTE.mp4,DEMOTE,J_03_031,train,True,,84.0,30.0,2.8,640.0,480.0,1.3333334,129.35687,3.8670728,63.112137,0.07742708,12.2397
P40,21345201266496527-BOOTS.mp4,BOOTS2,C_03_019,train,True,,91.0,30.003298,3.033,640.0,480.0,1.3333334,117.94489,4.048299,74.66118,0.0434375,10.806081
P43,9891392028667418-INHALE.mp4,INHALE,J_03_048,train,True,,71.0,29.995775,2.367,640.0,480.0,1.3333334,128.86934,3.7314816,64.504654,0.07642708,13.31651
P40,5991120483661896-CARVE.mp4,CARVE,K_02_026,train,True,,99.0,29.972752,3.303,640.0,480.0,1.3333334,117.44264,4.429335,76.03831,0.041364584,14.131732
P43,8038077599749618-CARDS.mp4,CARDS,J_03_065,train,True,,91.0,30.003298,3.033,640.0,480.0,1.3333334,133.29463,2.1159887,62.585056,0.07834375,13.163503
P40,30735006544794397-CANADA.mp4,CANADA,C_03_034,train,True,,86.0,29.975601,2.869,640.0,480.0,1.3333334,115.41755,0.55612516,77.07501,0.03909375,10.659127
P43,46918670233616866-MINIMUM.mp4,MINIMUM2,J_03_077,train,True,,86.0,29.996511,2.867,640.0,480.0,1.3333334,127.85261,5.538489,62.989487,0.07510417,18.023243
P43,008460209456316203-JUNIOR.mp4,JUNIOR,J_03_082,train,True,,100.0,29.967037,3.337,640.0,480.0,1.3333334,129.54492,1.1015724,62.037304,0.076,8.691641
P40,5496799801208176-BLOW CANDLE_1.mp4,BLOWCANDLE1,K_01_070,train,True,,112.0,29.970564,3.737,640.0,480.0,1.3333334,118.05466,2.9600534,76.45441,0.041447915,13.395
P40,44417424079446066-CORKSCREW 2.mp4,CORKSCREW1,K_01_085,train,True,,96.0,29.915861,3.209,640.0,480.0,1.3333334,115.36969,1.6096447,77.86018,0.045083333,16.98608
P43,08082414477089328-GLOVES 3.mp4,GLOVES2,K_01_012,train,True,,102.0,30.312,3.365004,640.0,480.0,1.3333334,138.37619,2.0036573,60.783604,0.073052086,13.998425
P40,7371610876431656-LEAF 2.mp4,LEAF2,K_02_073,train,True,,93.0,29.970995,3.103,640.0,480.0,1.3333334,116.42466,3.6374893,75.03082,0.042916667,14.8295965
P43,6036711238812922-SLICE 2.mp4,SLICE1,K_01_028,train,True,,87.0,29.917469,2.908,640.0,480.0,1.3333334,132.99974,3.4733632,64.87805,0.073802084,14.058463
P40,34182074647150995-NURSE.mp4,NURSE,C_03_065,train,True,,84.0,29.967892,2.803,640.0,480.0,1.3333334,118.33014,3.4119732,75.3134,0.044239584,11.570729
P43,26439420589592477-DARK.mp4,DARK1,J_03_094,train,True,,88.0,29.972752,2.936,640.0,480.0,1.3333334,133.75352,3.0595174,62.621178,0.06765625,14.9648695
P40,5885833949985597-THROW.mp4,THROW1,C_03_081,train,True,,78.0,29.965424,2.603,640.0,480.0,1.3333334,121.292336,1.3111565,79.96627,0.0400625,7.77375
P40,7860677296517535-CHEW 2_MOUTH.mp4,CHEW2MOUTH,K_01_100,train,True,,113.0,29.973475,3.77,640.0,480.0,1.3333334,115.52829,1.8861268,75.99761,0.038989585,8.958385
P43,11863534499498907-HATCH 2.mp4,HATCH2,K_01_007,train,True,,122.0,29.997541,4.067,640.0,480.0,1.3333334,130.67888,1.2899284,63.008373,0.077822916,8.171849
P43,1813899812026507-ARREST 2.mp4,ARREST2,K_01_023,train,True,,119.0,29.997478,3.967,640.0,480.0,1.3333334,132.66933,2.399952,61.87904,0.07292708,10.679818
P40,19471040860723443-SWEATER 3.mp4,SWEATER1,K_02_090,train,True,,92.0,29.99674,3.067,640.0,480.0,1.3333334,116.6423,2.5435617,76.41565,0.041875,15.89224
P43,4973148207095919-ENVELOPE 4.mp4,ENVELOPE2,K_01_041,train,True,,85.0,30.00353,2.833,640.0,480.0,1.3333334,130.40414,6.70725,65.45232,0.0803125,15.058203
P40,22478513842793557-JACKET 2.mp4,JACKET3,K_01_116,train,True,,79.0,30.003798,2.633,640.0,480.0,1.3333334,114.27483,5.0494123,77.70071,0.042583335,15.330286
P40,7756128092275554-FINALLY.mp4,FINALLY,D_01_012,train,True,,77.0,29.996105,2.567,640.0,480.0,1.3333334,111.02775,1.6433212,76.25207,0.042114582,11.319349
P43,9887316456020367-TRIM 2.mp4,TRIM1,K_01_062,train,True,,105.0,30.0,3.5,640.0,480.0,1.3333334,130.62105,1.2407693,61.97385,0.07376042,12.506159
P40,2580419662072009-GLOVES 4.mp4,GLOVES3,K_02_105,train,True,,92.0,29.967426,3.07,640.0,480.0,1.3333334,116.91919,2.9970853,75.71382,0.04459375,9.5534115
P43,4345786149184214-PILLOW 2.mp4,PILLOW2,K_01_097,train,True,,99.0,29.918404,3.309,640.0,480.0,1.3333334,129.95284,2.2007375,63.479843,0.08330208,12.754505
P40,6246549914691799-CHEAT 2.mp4,CHEAT2,D_01_027,train,True,,87.0,29.917469,2.908,640.0,480.0,1.3333334,116.61068,3.007713,75.59773,0.042020835,13.64862
P43,7932503137750462-FOLLOW 3.mp4,FOLLOW1,K_01_113,train,True,,80.0,29.99625,2.667,640.0,480.0,1.3333334,136.46696,0.9251745,63.842583,0.08303125,11.30332
P43,8163313061181219-CELLPHONE.mp4,CELLPHONE,K_01_128,train,True,,81.0,29.834253,2.715,640.0,480.0,1.3333334,126.63855,10.395108,63.12078,0.07640625,12.447513
P43,004272649075903079-FLASHLIGHT 3.mp4,FLASHLIGHT2,K_01_057,train,True,,91.0,30.003298,3.033,640.0,480.0,1.3333334,131.34705,13.775248,62.255997,0.076052085,23.603046
P43,09127306227946264-NOSE BLEED.mp4,NOSEBLEED,K_01_092,train,True,,81.0,29.966703,2.703,640.0,480.0,1.3333334,135.26753,2.356738,65.82875,0.07501042,11.122526
P40,48395854073459854-RACECAR TRACK.mp4,RACECARTRACK,K_02_121,train,True,,139.0,30.00216,4.633,640.0,480.0,1.3333334,118.77831,3.088613,74.86841,0.044375,14.614583
P40,10236598982146194-HELICOPTER 2.mp4,HELICOPTER1,K_02_004,train,True,,99.0,29.918404,3.309,640.0,480.0,1.3333334,115.198135,1.3609455,76.871864,0.042010415,14.203555
P43,8086424106219279-LIGHT 2.mp4,LIGHT,K_01_102,train,True,,66.0,30.0,2.2,640.0,480.0,1.3333334,114.588326,1.7176123,58.349068,0.07198958,8.02707
P43,3010294738843122-SHIRT 2.mp4,SHIRT2,K_01_108,train,True,,85.0,29.97179,2.836,640.0,480.0,1.3333334,138.2158,1.5882294,63.295,0.0758125,11.462161
P40,5992978330851055-PECK.mp4,PECK,K_03_010,train,True,,117.0,29.969263,3.904,640.0,480.0,1.3333334,115.85957,1.7766042,76.38924,0.042145833,10.844466
P43,6798197881140879-SAW 2.mp4,SAW2,K_02_007,train,True,,92.0,29.99674,3.067,640.0,480.0,1.3333334,137.1829,1.5211123,63.171482,0.08103125,20.655
P43,12669726740621057-BUMPY.mp4,BUMPY,K_01_123,train,True,,91.0,30.343,2.9990442,640.0,480.0,1.3333334,136.17816,2.6753986,65.60719,0.08073958,13.359283
P40,7168856798550707-DOLPHIN 2.mp4,DOLPHIN2,K_02_021,train,True,,97.0,30.445,3.1860733,640.0,480.0,1.3333334,114.5483,2.309011,75.336426,0.040447917,10.444727
P43,9435041622962683-SLIP 2.mp4,SLIP1,K_02_033,train,True,,103.0,30.002913,3.433,640.0,480.0,1.3333334,136.99844,0.8609429,64.0265,0.0785625,16.102278
P40,24526895590037223-CROSS 3.mp4,CROSS2,K_03_028,train,True,,107.0,30.285,3.5331023,640.0,480.0,1.3333334,116.229836,0.7147282,77.400024,0.03909375,11.472565
P43,10285706432797781-KANGAROO 3.mp4,KANGAROO1,K_02_012,train,True,,113.0,29.973475,3.77,640.0,480.0,1.3333334,138.80382,2.7957404,61.903675,0.0785625,15.612409
P40,8450105323978336-STRAIN 1.mp4,STRAIN1,K_03_045,train,True,,102.0,30.239,3.3731275,640.0,480.0,1.3333334,115.65682,0.76552534,76.483055,0.041291665,15.249896
P43,5234647407327859-PILLOW 3.mp4,PILLOW3,K_02_049,train,True,,70.0,30.004286,2.333,640.0,480.0,1.3333334,104.38221,48.443214,51.49751,0.06257292,42.383865
P40,9383448191733077-YEAH.mp4,YEAH,D_01_058,train,True,,98.0,30.228,3.2420273,640.0,480.0,1.3333334,93.89227,46.9825,60.60362,0.033708334,38.035103
P43,9271319540419956-SNEEZE 2.mp4,SNEEZE1,K_02_023,train,True,,83.0,29.920692,2.774,640.0,480.0,1.3333334,138.60013,3.1052935,63.080242,0.074354164,16.636303
P40,2634483829913492-ARRIVE.mp4,ARRIVE,D_01_073,train,True,,88.0,30.59,2.8767571,640.0,480.0,1.3333334,117.70815,4.018946,75.565735,0.04203125,11.066133
P43,4455297020301163-MOP 2.mp4,MOP2,K_02_064,train,True,,91.0,30.0,3.0333333,640.0,480.0,1.3333334,134.42476,3.646152,62.58877,0.063208334,18.27263
P40,5239206783300603-STRETCH-CA.mp4,STRETCH-CA,K_03_078,train,True,,103.0,30.002913,3.433,640.0,480.0,1.3333334,111.85704,8.173899,76.644264,0.044864584,22.88405
P43,02131581178431574-CLOCK 2.mp4,CLOCK1,K_02_038,train,True,,81.0,30.359,2.668072,640.0,480.0,1.3333334,133.42876,4.44229,63.85929,0.080583334,18.995625
P43,8352438155685169-STAND 2.mp4,STAND1,K_02_081,train,True,,85.0,30.00353,2.833,640.0,480.0,1.3333334,135.13106,6.1972,64.11361,0.071125,24.402905
P43,9317987198300575-MEASURE 2.mp4,MEASURE2,K_02_054,train,True,,84.0,29.91453,2.808,640.0,480.0,1.3333334,136.23601,3.9697545,63.282806,0.07222917,15.969558
P43,7903041870096725-SHAVE 4.mp4,SHAVE3,K_02_043,train,True,,75.0,30.0,2.5,640.0,480.0,1.3333334,128.09297,0.48436034,61.358013,0.07191667,8.804206
P43,5572084870775083-GLASS 3.mp4,GLASS1,K_02_059,train,True,,74.0,29.97165,2.469,640.0,480.0,1.3333334,136.91911,0.87606937,63.13978,0.07376042,5.0885806
P40,15841835443910002-CAUSE.mp4,CAUSE,D_01_088,train,True,,82.0,30.003658,2.733,640.0,480.0,1.3333334,119.28256,3.886662,76.37266,0.040375,12.152825
P43,6438128381168797-SUMMON.mp4,SUMMON,K_02_075,train,True,,93.0,29.92278,3.108,640.0,480.0,1.3333334,136.6689,3.3564694,62.30871,0.07425,18.723007
P40,8058121510363265-RUN FAUCET.mp4,RUNFAUCET,K_03_096,train,True,,100.0,29.922203,3.342,640.0,480.0,1.3333334,116.19762,0.93876404,76.66328,0.039854165,9.047006
P43,9903444079337274-BANANA 2.mp4,BANANA2,K_02_097,train,True,,105.0,29.923056,3.509,640.0,480.0,1.3333334,137.93195,2.0039184,62.459686,0.07773958,12.449388
P40,08060394554053163-STRETCH 2.mp4,STRETCH1,K_03_126,train,True,,105.0,29.923056,3.509,640.0,480.0,1.3333334,114.9205,2.635051,78.07959,0.039916668,14.861445
P43,5773744878291307-PEACH 2.mp4,PEACH2,K_02_087,train,True,,103.0,29.915771,3.443,640.0,480.0,1.3333334,139.03278,0.9112507,64.08697,0.07689583,9.04875
P40,9553318754297411-DIP 3.mp4,DIP3,K_02_052,train,True,,95.0,29.921259,3.175,640.0,480.0,1.3333334,115.695175,2.3320005,74.72674,0.040916666,11.939479
P43,7473493115593715-CHERRY 2.mp4,CHERRY1,K_02_113,train,True,,83.0,31.004,2.677074,640.0,480.0,1.3333334,134.78618,0.7458918,63.70053,0.078395836,8.517747
P40,805251149993387-DUCK 2.mp4,DUCK1,K_02_068,train,True,,75.0,29.916235,2.507,640.0,480.0,1.3333334,118.981415,1.4340538,76.64411,0.040395834,10.330625
P43,4986672602945341-ELEVATOR 3.mp4,ELEVATOR3,K_03_002,train,True,,95.0,29.921259,3.175,640.0,480.0,1.3333334,136.87834,1.4053627,63.08067,0.07776041,9.707487
P40,4328981841838875-PET 2.mp4,PET2,K_02_085,train,True,,82.0,30.003658,2.733,640.0,480.0,1.3333334,116.78322,3.9283817,74.40272,0.04509375,15.176354
P43,36977652499182057-STACK 2.mp4,STACK1,K_02_102,train,True,,84.0,29.967892,2.803,640.0,480.0,1.3333334,134.68149,2.5367184,64.30352,0.07720833,12.149506
P40,25359838903865217-SIGN LANGUAGE.mp4,SIGNLANGUAGE,D_02_031,train,True,,102.0,30.0,3.4,640.0,480.0,1.3333334,121.118706,2.4861562,77.11402,0.04334375,14.316979
P43,5666884241110774-BURY 2.mp4,BURY1,K_03_018,train,True,,84.0,29.91453,2.808,640.0,480.0,1.3333334,136.23854,2.1558094,63.372345,0.07721875,12.113945
P40,10829421777530057-ENVELOPE 2.mp4,ENVELOPE5,K_02_100,train,True,,98.0,29.96942,3.27,640.0,480.0,1.3333334,115.82022,2.5737462,76.68422,0.043989584,13.643386
P40,3401881404458804-GUN.mp4,GUN1,D_02_046,train,True,,100.0,30.003,3.333,640.0,480.0,1.3333334,117.75014,2.217591,75.689224,0.039614584,8.449649
P43,5684604344761137-ARREST 3.mp4,ARREST3,K_03_036,train,True,,99.0,29.972752,3.303,640.0,480.0,1.3333334,130.52174,2.8731015,59.72682,0.071979165,17.63776
P43,8057787598667017-BOIL 2.mp4,BOIL1,K_03_054,train,True,,85.0,29.97179,2.836,640.0,480.0,1.3333334,142.30821,3.576675,61.729794,0.07417709,14.2921095
P40,8185699315614803-LIGHT CANDLE.mp4,LIGHTCANDLE,K_02_116,train,True,,106.0,30.00283,3.533,640.0,480.0,1.3333334,119.27275,4.297244,74.8629,0.043447915,12.527995
P43,6407005642106143-FLOAT 2.mp4,FLOAT2,K_03_007,train,True,,92.0,29.967426,3.07,640.0,480.0,1.3333334,133.97542,3.199473,65.98879,0.08107292,16.331184
P43,5127815661704609-KNITTING 3.mp4,KNITTING1,K_03_013,train,True,,87.0,29.968998,2.903,640.0,480.0,1.3333334,132.80627,2.5589345,62.48639,0.078854166,14.943581
P43,41455262875959953-SMILE 2.mp4,SMILE2,K_03_023,train,True,,92.0,29.841064,3.083,640.0,480.0,1.3333334,132.58105,6.11341,61.59461,0.07175,16.434675
P43,3038765263837697-CLOUD 4.mp4,CLOUD3,K_03_059,train,True,,80.0,29.99625,2.667,640.0,480.0,1.3333334,108.4907,50.14228,49.966667,0.0586875,41.878113
P43,6929634567614391-CARROT 3.mp4,CARROT2,K_03_075,train,True,,59.0,30.475,1.9360131,640.0,480.0,1.3333334,137.98547,3.0656388,62.24679,0.07590625,7.474167
P43,6340849968493041-CRACKER 2.mp4,CRACKER2,K_03_093,train,True,,76.0,30.003948,2.533,640.0,480.0,1.3333334,138.02672,2.2065184,60.727127,0.074,16.023165
P43,06486740728713336-MOUNTAIN 2.mp4,MOUNTAIN2,K_03_108,train,True,,79.0,29.924242,2.64,640.0,480.0,1.3333334,132.11517,2.645949,60.370483,0.0740625,14.078919
P40,9881965480772794-FRENCH.mp4,FRENCH,C_02_022,train,True,,94.0,29.97449,3.136,640.0,480.0,1.3333334,120.31429,2.7747395,80.2667,0.0384375,8.162162
P43,5572997071187749-VAMPIRE.mp4,VAMPIRE,K_03_123,train,True,,101.0,29.99703,3.367,640.0,480.0,1.3333334,132.4667,0.89711016,62.425644,0.07326042,10.355521
P40,6921494806658774-PARACHUTE 2.mp4,PARACHUTE2,K_03_005,train,True,,94.0,29.91725,3.142,640.0,480.0,1.3333334,120.338905,3.500587,75.81594,0.043822918,15.366432
P40,1383203105819133-CALENDAR.mp4,CALENDAR1,A_03_001,train,True,,109.0,30.303,3.5970037,640.0,480.0,1.3333334,109.852615,1.7293323,81.10671,0.042760417,14.337487
P40,5868603660193392-CLOCK.mp4,CLOCK2,D_02_076,train,True,,113.0,29.917925,3.777,640.0,480.0,1.3333334,109.652115,3.9990141,79.76738,0.04296875,16.34573
P43,8733109006343269-CROSS.mp4,CROSS1,C_01_067,train,True,,82.0,29.97076,2.736,640.0,480.0,1.3333334,134.62839,3.157437,64.77757,0.08061458,18.158697
P40,011857496480111474-RUSSIA.mp4,RUSSIA,D_02_091,train,True,,102.0,29.920797,3.409,640.0,480.0,1.3333334,113.47109,1.3992002,81.68918,0.041125,7.3915753
P40,6340622091575041-TV.mp4,TV,C_02_038,train,True,,101.0,29.970325,3.37,640.0,480.0,1.3333334,111.54154,2.5756965,79.009674,0.041666668,8.588828
P43,9328514720747945-RAZOR 2.mp4,RAZOR2,K_03_103,train,True,,141.0,29.968119,4.705,640.0,480.0,1.3333334,133.38864,1.9852549,62.944653,0.07745834,11.413268
P40,5067326372178802-MAGIC.mp4,MAGIC,D_03_018,train,True,,91.0,30.003298,3.033,640.0,480.0,1.3333334,112.838135,4.713793,78.43927,0.046927083,16.123829
P43,02450557358015293-JACKET.mp4,JACKET1,C_02_008,train,True,,95.0,29.968454,3.17,640.0,480.0,1.3333334,135.83417,1.8461226,64.00009,0.07896875,11.08043
P40,6445331634562388-WHAT FOR.mp4,WHATFOR1,C_02_054,train,True,,89.0,29.99663,2.967,640.0,480.0,1.3333334,111.85584,0.804985,80.91848,0.044989582,9.282434
P43,7459003227179599-RABBIT.mp4,RABBIT1,C_02_024,train,True,,84.0,30.401,2.763067,640.0,480.0,1.3333334,127.68639,8.231812,64.03033,0.07834375,15.056263
P40,10447776831007882-LINE.mp4,LINE,C_02_069,train,True,,103.0,30.002913,3.433,640.0,480.0,1.3333334,112.00485,1.1935358,80.9747,0.042333335,9.566471
P43,07141966342871009-MIX 3.mp4,MIX2,K_03_118,train,True,,75.0,30.0,2.5,640.0,480.0,1.3333334,131.34006,1.5813171,61.992184,0.0756875,13.533607
P40,9714883348452366-CAPTION.mp4,CAPTION,C_02_086,train,True,,118.0,29.97206,3.937,640.0,480.0,1.3333334,110.108795,3.375577,77.93531,0.04475,11.333034
P43,33505533584075575-JELLY.mp4,JELLY,C_02_040,train,True,,86.0,30.345,2.8340747,640.0,480.0,1.3333334,131.19997,2.6955807,62.38372,0.077677086,13.414935
P40,04580286068089667-ENJOY.mp4,ENJOY,D_03_033,train,True,,89.0,29.99663,2.967,640.0,480.0,1.3333334,117.72992,6.58008,78.16017,0.04859375,18.431667
P43,15365556773972355-SNOW 2.mp4,SNOW2,K_03_081,train,True,,86.0,29.975601,2.869,640.0,480.0,1.3333334,128.50333,9.511894,64.113686,0.08111458,22.036589
P43,8515089770258144-ERASE 2.mp4,ERASE2,K_03_098,train,True,,105.0,30.0,3.5,640.0,480.0,1.3333334,135.27837,0.73617965,62.76709,0.07129167,15.575716
P40,823110623400116-WANT.mp4,WANT2,C_03_013,train,True,,112.0,29.922522,3.743,640.0,480.0,1.3333334,88.8955,44.669353,62.01612,0.03744792,38.06004
P43,13678451685096915-PIPE 3.mp4,PIPE3,K_03_113,train,True,,69.0,30.0,2.3,640.0,480.0,1.3333334,128.12447,2.8007138,63.39082,0.074135415,8.473659
P40,5142134278555357-KNITTING.mp4,KNITTING2,D_03_071,train,True,,103.0,29.967995,3.437,640.0,480.0,1.3333334,113.27394,6.1483665,78.43299,0.04496875,12.967409
P43,7293731316229108-BENEFIT.mp4,BENEFIT,C_02_056,train,True,,73.0,30.00411,2.433,640.0,480.0,1.3333334,134.3631,2.35628,63.659283,0.070802085,11.614961
P40,004175172748227984-DART.mp4,DART,C_03_029,train,True,,108.0,29.916897,3.61,640.0,480.0,1.3333334,109.60809,2.0130754,78.61823,0.041677084,9.917773
P43,015907943367508448-EYES.mp4,EYES,C_01_062,train,True,,63.0,30.0,2.1,640.0,480.0,1.3333334,133.68553,2.001615,61.690792,0.071354166,9.61444
P40,8565231572205234-SURE.mp4,SURE,C_03_044,train,True,,85.0,29.919043,2.841,640.0,480.0,1.3333334,112.07569,2.6977737,79.315285,0.041822918,9.31849
P43,7383284467475846-GUESS.mp4,GUESS1,D_02_013,train,True,,73.0,29.918034,2.44,640.0,480.0,1.3333334,129.18309,2.3000252,62.625946,0.077104166,10.560925
P40,5588499945170378-LOBSTER 2.mp4,LOBSTER2,K_03_039,train,True,,94.0,29.97449,3.136,640.0,480.0,1.3333334,111.76354,4.0478454,77.98682,0.0485625,10.753529
P43,21726284787567063-DEMAND.mp4,DEMAND1,D_03_080,train,True,,84.0,29.91453,2.808,640.0,480.0,1.3333334,135.23085,3.4400983,61.00975,0.07472917,11.850494
P43,34194595854850096-CHURCH.mp4,CHURCH,C_02_018,train,True,,75.0,30.0,2.5,640.0,480.0,1.3333334,134.75993,2.112382,62.35178,0.078520834,18.182552
P40,3416901692651766-CANDLE.mp4,CANDLE,C_03_060,train,True,,116.0,29.997414,3.867,640.0,480.0,1.3333334,115.77714,7.1817613,77.560074,0.04530208,13.027357
P43,3120967580566334-COMPUTER MOUSE.mp4,COMPUTERMOUSE,C_01_073,train,True,,130.0,29.967728,4.338,640.0,480.0,1.3333334,133.51932,0.97766906,62.655296,0.07426041,11.968607
P40,9271579911868026-SANDWICH 3.mp4,SANDWICH3,K_03_072,train,True,,98.0,29.923664,3.275,640.0,480.0,1.3333334,112.041115,3.4290507,79.66517,0.044041667,14.106667
P43,2957896307414234-NEED.mp4,NEED,C_02_034,train,True,,86.0,29.996511,2.867,640.0,480.0,1.3333334,135.91077,3.2381797,62.821274,0.076770835,16.928516
P40,8181460730057075-NECKLACE 4.mp4,NECKLACE2,K_03_090,train,True,,102.0,30.0,3.4,640.0,480.0,1.3333334,112.980446,5.199973,77.50342,0.0471875,14.832761
P43,23595475577416636-PINEAPPLE.mp4,PINEAPPLE1,C_02_088,train,True,,62.0,29.995163,2.067,640.0,480.0,1.3333334,135.87303,1.790251,61.978092,0.073010415,7.280977
P40,8811710885283992-SWIM 2.mp4,SWIM2,K_03_106,train,True,,95.0,29.996843,3.167,640.0,480.0,1.3333334,111.61881,2.6431983,78.11402,0.047072917,19.844414
P43,8918308028270203-BONE.mp4,BONE,C_03_015,train,True,,79.0,29.924242,2.64,640.0,480.0,1.3333334,137.0777,2.7376645,60.376762,0.07578125,15.010065
P40,9696686155718444-BUN.mp4,BUN,K_03_121,train,True,,109.0,29.920395,3.643,640.0,480.0,1.3333334,104.66782,7.908421,80.891914,0.047041666,16.388659
P43,8427150876658211-CHILDREN.mp4,CHILDREN,C_02_066,train,True,,85.0,30.422,2.7940307,640.0,480.0,1.3333334,137.14156,4.5908,62.63652,0.07719792,17.483477
P40,41826815713017607-TEAR.mp4,TEAR,C_02_016,train,True,,114.0,29.921259,3.81,640.0,480.0,1.3333334,132.06047,3.3523273,87.8882,0.046625,11.718672
P43,8335502012159159-FRUIT.mp4,FRUIT,C_02_083,train,True,,64.0,30.505,2.0980167,640.0,480.0,1.3333334,134.90833,1.1421243,63.157677,0.07714583,6.5352993
P40,48244638878087853-SECRET.mp4,SECRET,C_03_076,train,True,,88.0,29.921795,2.941,640.0,480.0,1.3333334,112.793625,3.4964209,78.35065,0.042916667,10.922253
P43,19069990980190799-ORDER 2.mp4,ORDER2,C_03_036,train,True,,80.0,29.973772,2.669,640.0,480.0,1.3333334,132.96474,2.221596,63.406097,0.07591667,11.45082
P43,8357855864449022-PROBLEM 1.mp4,PROBLEM2,C_03_010,train,True,,68.0,29.995588,2.267,640.0,480.0,1.3333334,135.0888,3.518693,62.830307,0.07146875,17.1275
P40,6481009555935966-HOUSE.mp4,HOUSE,D_03_086,train,True,,91.0,30.003298,3.033,640.0,480.0,1.3333334,115.83722,6.156339,77.99641,0.051802084,15.093842
P43,6059622084284462-WOOD.mp4,WOOD,C_03_031,train,True,,79.0,30.419,2.5970612,640.0,480.0,1.3333334,135.58319,4.748396,62.66601,0.07457291,22.556133
P40,7934875679337032-DOLL.mp4,DOLL,C_02_049,train,True,,89.0,29.915966,2.975,640.0,480.0,1.3333334,112.22349,2.8844147,78.61469,0.04315625,11.734323
P43,6974238936465946-DROP.mp4,DROP,C_03_052,train,True,,78.0,30.0,2.6,640.0,480.0,1.3333334,128.33527,7.44436,62.009403,0.0813125,21.0875
P40,17554792295984845-TANKTOP.mp4,TANKTOP,E_01_009,train,True,,101.0,29.91706,3.376,640.0,480.0,1.3333334,111.14188,1.4687376,79.30744,0.045010418,12.245547
P43,5789130966288654-GAME.mp4,GAME,C_03_047,train,True,,71.0,29.995775,2.367,640.0,480.0,1.3333334,117.08154,2.0762146,59.64151,0.06747916,10.456315
P40,4818293388696262-HAIRCUT.mp4,HAIRCUT,C_02_081,train,True,,88.0,29.921795,2.941,640.0,480.0,1.3333334,111.86884,5.273649,78.93568,0.048677083,16.96203
P43,5632090317291663-FOREIGNER.mp4,FOREIGNER1,C_01_077,train,True,,88.0,29.972752,2.936,640.0,480.0,1.3333334,137.15079,2.200202,60.886127,0.075833336,16.724245
P40,6555552878816469-ADULT.mp4,ADULT,C_03_008,train,True,,97.0,29.975279,3.236,640.0,480.0,1.3333334,109.1285,4.489581,78.75664,0.0459375,17.908295
P43,34025840457070067-APPOINTMENT.mp4,APPOINTMENT,C_01_088,train,True,,73.0,30.416,2.4000525,640.0,480.0,1.3333334,134.60756,1.9923509,60.577324,0.076197915,14.702643
P40,09571663395072427-JUGGLE.mp4,JUGGLE,D_01_037,train,True,,90.0,29.97003,3.003,640.0,480.0,1.3333334,113.91352,5.654073,77.45359,0.051208332,17.043385
P43,945060415448846-NOW.mp4,NOW,C_03_062,train,True,,92.0,29.967426,3.07,640.0,480.0,1.3333334,132.31818,2.164173,63.202095,0.0769375,10.475195
P40,3519446452419639-ORAL.mp4,ORAL,C_03_024,train,True,,96.0,30.0,3.2,640.0,480.0,1.3333334,113.97279,4.4416876,77.92596,0.043625,9.886003
P40,2200241167783541-SCAN.mp4,SCAN,C_03_039,train,True,,83.0,29.97472,2.769,640.0,480.0,1.3333334,111.24003,4.400883,77.01085,0.048375,13.692578
P40,7777825196820936-HOT COMPETITION.mp4,HOTCOMPETITION,E_01_026,train,True,,92.0,29.99674,3.067,640.0,480.0,1.3333334,112.66706,6.0051947,75.90456,0.0486875,18.703997
P40,6016017574074628-CORKSCREW.mp4,CORKSCREW2,D_01_053,train,True,,99.0,29.972752,3.303,640.0,480.0,1.3333334,111.102875,2.978594,79.55268,0.049625,22.130821
P40,7717057217254395-THEY.mp4,THEY1,F_02_103,train,True,,87.0,29.83539,2.916,640.0,480.0,1.3333334,112.6718,2.5920572,79.45394,0.043947916,9.5102215
P40,38950739320714645-TAIL.mp4,TAIL1,D_01_083,train,True,,100.0,29.967037,3.337,640.0,480.0,1.3333334,112.32898,4.0397387,77.0189,0.04784375,19.752851
P43,8036675892366985-SCROLL DOWN.mp4,SCROLLDOWN,C_03_084,train,True,,73.0,30.00411,2.433,640.0,480.0,1.3333334,125.21633,9.579514,63.5417,0.079239585,28.721523
P40,38007899810915124-EARN.mp4,EARN,C_03_055,train,True,,89.0,29.96633,2.97,640.0,480.0,1.3333334,117.96333,6.3893566,77.71579,0.049479168,17.102695
P43,9588604018454037-WELL.mp4,WELL,D_01_009,train,True,,64.0,29.976582,2.135,640.0,480.0,1.3333334,136.78885,4.3451757,62.900444,0.080104165,16.452475
P40,47788320315336663-BICYCLE.mp4,BICYCLE,D_02_026,train,True,,91.0,30.003298,3.033,640.0,480.0,1.3333334,112.51754,4.689752,77.51883,0.051083334,17.560717
P43,08783991298704752-EGO.mp4,EGO,D_01_014,train,True,,82.0,30.471,2.6910834,640.0,480.0,1.3333334,128.37529,8.405888,63.284992,0.079791665,18.085169
P40,5834024675891472-STEAK.mp4,STEAK,D_02_041,train,True,,79.0,29.96965,2.636,640.0,480.0,1.3333334,116.67707,7.978177,76.27118,0.048875,19.716263
P43,682290148919185-TELL.mp4,TELL,C_02_013,train,True,,65.0,29.995386,2.167,640.0,480.0,1.3333334,136.19456,1.7659682,63.156124,0.07611458,7.8706512
P40,3273366342294657-THIRSTY.mp4,THIRSTY,C_03_071,train,True,,78.0,29.919447,2.607,640.0,480.0,1.3333334,113.50661,3.86313,78.14039,0.043604165,10.356146
P43,11140060715285816-SOUTH.mp4,SOUTH,C_02_029,train,True,,68.0,29.91641,2.273,640.0,480.0,1.3333334,134.14912,5.2446704,63.66933,0.07501042,14.176875
P40,25788263512754495-SMOKING.mp4,SMOKING,C_03_087,train,True,,86.0,29.996511,2.867,640.0,480.0,1.3333334,113.66584,3.4911036,78.64898,0.044645835,9.601132
P43,16956951272283427-GOSSIP.mp4,GOSSIP,D_01_029,train,True,,100.0,29.967037,3.337,640.0,480.0,1.3333334,135.40912,1.3202405,62.9308,0.07930208,12.089492
P40,21338949344886227-PATIENT 2.mp4,PATIENT2,B_01_085,train,True,,89.0,29.99663,2.967,640.0,480.0,1.3333334,113.16537,2.7310002,79.137436,0.043947916,13.472253
P43,24193734646812537-YESTERDAY.mp4,YESTERDAY,D_01_024,train,True,,61.0,29.97543,2.035,640.0,480.0,1.3333334,130.88306,3.8127494,64.814445,0.08076042,12.155508
P40,9406031669184307-DROWN.mp4,DROWN3,D_01_017,train,True,,100.0,29.922203,3.342,640.0,480.0,1.3333334,117.74704,9.015798,76.81041,0.04934375,23.388424
P43,36798218729571786-BALANCE.mp4,BALANCE,C_02_046,train,True,,97.0,30.003094,3.233,640.0,480.0,1.3333334,132.24332,3.9275062,64.21175,0.0800625,14.480078
P43,39040662175778196-CALL.mp4,CALL1,C_02_061,train,True,,80.0,29.973772,2.669,640.0,480.0,1.3333334,142.24648,5.667452,63.88092,0.07803125,21.169466
P40,726223421501971-PAINT.mp4,PAINT,D_01_048,train,True,,85.0,30.00353,2.833,640.0,480.0,1.3333334,116.11585,4.6006126,77.01245,0.051145833,18.656315
P40,3223083200780035-STOCKINGS.mp4,STOCKINGS,E_01_061,train,True,,109.0,30.244,3.6040206,640.0,480.0,1.3333334,112.667145,3.205575,77.97052,0.049875,22.879375
P40,8089330458355601-LOCK.mp4,LOCK1,H_02_017,train,True,,96.0,29.915861,3.209,640.0,480.0,1.3333334,113.39277,6.409688,77.76504,0.045510415,14.132135
P40,393295857925948-EAR.mp4,EAR,D_02_071,train,True,,78.0,30.256,2.578001,640.0,480.0,1.3333334,110.84166,1.5974659,79.31863,0.0434375,11.593672
P40,367841674457434-PERSISTENT.mp4,PERSISTENT,E_01_078,train,True,,86.0,29.975601,2.869,640.0,480.0,1.3333334,116.13932,7.000227,76.09908,0.05146875,17.092838
P40,8981376760589752-FEBRUARY.mp4,FEBRUARY,D_01_093,train,True,,90.0,30.0,3.0,640.0,480.0,1.3333334,114.69381,3.092053,79.741554,0.045229167,9.843985
P40,08747665130314042-TROPHY.mp4,TROPHY,D_02_086,train,True,,84.0,29.91453,2.808,640.0,480.0,1.3333334,118.257126,8.366873,76.75243,0.049239583,16.166706
P40,8980531534841563-HEAR 1.mp4,HEAR1,E_01_097,train,True,,93.0,30.0,3.1,640.0,480.0,1.3333334,88.061844,44.031193,63.87179,0.034385417,35.010155
P40,6642648183118116-STAND.mp4,STAND2,E_02_011,train,True,,92.0,29.99674,3.067,640.0,480.0,1.3333334,111.71185,4.5254784,77.997116,0.05071875,20.718945
P40,775934637445302-LESS.mp4,LESS,E_02_043,train,True,,76.0,29.921259,2.54,640.0,480.0,1.3333334,113.50947,5.9624357,78.04565,0.049479168,19.179558
P40,5336635865778496-DICE.mp4,DICE,D_02_036,train,True,,79.0,30.003798,2.633,640.0,480.0,1.3333334,113.341606,2.7109427,78.785484,0.04240625,8.294141
P40,6246635581253737-YOUNG.mp4,YOUNG,D_03_013,train,True,,80.0,29.99625,2.667,640.0,480.0,1.3333334,115.17448,4.2384505,79.347275,0.04575,12.949479
P40,2133365171829278-IMPACT.mp4,IMPACT,D_02_051,train,True,,82.0,29.839884,2.748,640.0,480.0,1.3333334,116.5244,6.792794,76.84953,0.04796875,19.539192
P40,6692546186048767-INTERPRETER.mp4,INTERPRETER,D_02_066,train,True,,91.0,30.003298,3.033,640.0,480.0,1.3333334,116.1645,6.464567,77.64446,0.04846875,13.838789
P40,9345880091901102-EAGLE.mp4,EAGLE2,D_03_066,train,True,,83.0,29.996386,2.767,640.0,480.0,1.3333334,114.17794,2.8372343,79.25372,0.0428125,12.874675
P40,41029280941888735-RELAX.mp4,RELAX1,D_03_081,train,True,,85.0,30.00353,2.833,640.0,480.0,1.3333334,116.90073,6.1335874,77.35433,0.048458334,18.839857
P40,573735386536506-STUCK.mp4,STUCK,E_01_019,train,True,,83.0,29.97472,2.769,640.0,480.0,1.3333334,114.02761,4.1227345,77.73734,0.04371875,9.12737
P40,9166396293559669-OH I_SEE.mp4,OHISEE,E_01_038,train,True,,94.0,29.97449,3.136,640.0,480.0,1.3333334,113.62679,3.123986,78.2586,0.042583335,13.59448
P40,6333885986734502-RAT.mp4,RAT,D_02_081,train,True,,86.0,29.996511,2.867,640.0,480.0,1.3333334,113.25042,3.483229,78.1052,0.04334375,11.927396
P40,48667330658915553-SHAME.mp4,SHAME,D_03_008,train,True,,86.0,29.975601,2.869,640.0,480.0,1.3333334,113.14851,3.1887977,78.09627,0.043635417,11.925143
P40,25378784918098174-OFFHAND.mp4,OFFHAND,E_01_072,train,True,,102.0,29.920797,3.409,640.0,480.0,1.3333334,111.57907,1.6108849,80.13635,0.04425,11.629466
P43,5279895044627418-AGREEMENT.mp4,AGREEMENT,C_02_078,train,True,,79.0,30.384,2.6000526,640.0,480.0,1.3333334,140.10262,7.369031,65.5958,0.081229165,21.041641
P40,24754455638054895-POP.mp4,POP2,D_03_023,train,True,,102.0,29.920797,3.409,640.0,480.0,1.3333334,110.27045,1.5621108,77.76918,0.047708333,18.6572
P43,9248256944866455-DIRTY.mp4,DIRTY,C_03_026,train,True,,54.0,30.0,1.8,640.0,480.0,1.3333334,137.14282,2.4457185,63.802357,0.07608333,7.2985935
P40,4085537867360489-CIRCLE.mp4,CIRCLE,E_02_062,train,True,,100.0,29.922203,3.342,640.0,480.0,1.3333334,116.92763,3.07186,80.14938,0.045854166,14.13194
P43,5372668319999747-NO.mp4,NO,C_03_041,train,True,,55.0,30.005455,1.833,640.0,480.0,1.3333334,133.0993,3.295242,64.458954,0.080291666,8.760781
P40,6787901273668946-GLASS 1.mp4,GLASS2,E_01_090,train,True,,95.0,29.921259,3.175,640.0,480.0,1.3333334,115.57992,5.429662,76.207825,0.050395835,19.098228
P43,08513342968170257-CANOE.mp4,CANOE,D_01_045,train,True,,115.0,29.916754,3.844,640.0,480.0,1.3333334,133.44264,3.7282887,63.971237,0.07576042,13.775625
P40,49492855034781624-PEANUT BUTTER.mp4,PEANUTBUTTER,E_02_077,train,True,,99.0,29.837252,3.318,640.0,480.0,1.3333334,115.47137,6.104622,76.94762,0.047520835,16.609076
P43,9097522719762483-TEST.mp4,TEST,D_01_060,train,True,,70.0,30.004286,2.333,640.0,480.0,1.3333334,128.40958,7.572004,64.862854,0.07613542,20.769922
P43,48435002857753817-TEETH.mp4,TEETH,D_01_040,train,True,,62.0,29.995163,2.067,640.0,480.0,1.3333334,137.62547,0.84521955,62.05693,0.07329167,8.063177
P40,7102622774546783-BELT.mp4,BELT1,A_03_036,train,True,,82.0,29.97076,2.736,640.0,480.0,1.3333334,115.80435,6.1191993,78.651955,0.046822917,14.742995
P43,5082492576840383-KID.mp4,KID,C_03_057,train,True,,45.0,29.980013,1.501,640.0,480.0,1.3333334,126.78766,3.046047,65.267715,0.07828125,10.609974
P40,5628156573374106-TODAY.mp4,TODAY,E_02_006,train,True,,89.0,30.303,2.937003,640.0,480.0,1.3333334,112.31523,4.6731663,77.09255,0.044729166,12.195182
P43,7064746790954382-GIRL.mp4,GIRL,C_03_073,train,True,,59.0,29.964449,1.969,640.0,480.0,1.3333334,133.45793,0.98004013,62.626774,0.07490625,7.5716667
P40,9538072760940814-OPEN BOOK.mp4,OPENBOOK,E_02_022,train,True,,84.0,29.967892,2.803,640.0,480.0,1.3333334,117.11752,6.2771797,77.60917,0.046322916,15.243256
P43,916287850917487-BOAT.mp4,BOAT,D_01_055,train,True,,76.0,29.968454,2.536,640.0,480.0,1.3333334,134.59639,1.319634,62.24334,0.0766875,12.901563
P40,20814778930087607-USE.mp4,USE,D_03_043,train,True,,80.0,29.917727,2.674,640.0,480.0,1.3333334,108.96876,5.9270816,75.72731,0.04490625,15.577356
P43,2873737968249803-EASY.mp4,EASY,D_01_070,train,True,,61.0,30.484,2.0010498,640.0,480.0,1.3333334,129.80809,2.1967788,60.136066,0.07644792,12.736042
P40,9474561958347409-WEIGHT.mp4,WEIGHT,E_02_037,train,True,,86.0,29.996511,2.867,640.0,480.0,1.3333334,112.83084,6.1963134,77.82096,0.044166666,14.74569
P43,09891286692753609-SCHOOL.mp4,SCHOOL,C_03_089,train,True,,74.0,29.995947,2.467,640.0,480.0,1.3333334,137.01938,2.5875132,62.5566,0.077010415,14.821914
P43,03746395070097952-IDEA.mp4,IDEA,D_01_085,train,True,,66.0,30.0,2.2,640.0,480.0,1.3333334,129.54697,3.9386134,64.075905,0.0725625,10.951029
P40,6023140007240295-CHARGE CARD.mp4,CHARGECARD,E_02_056,train,True,,97.0,29.975279,3.236,640.0,480.0,1.3333334,129.39209,8.306678,81.27563,0.04778125,21.58819
P43,07598140885303795-THERMOMETER.mp4,THERMOMETER,D_02_012,train,True,,87.0,29.917469,2.908,640.0,480.0,1.3333334,134.27936,2.7136028,62.60288,0.07515625,14.453815
P40,6673206481467684-SHARK 1.mp4,SHARK2,E_03_023,train,True,,81.0,29.922422,2.707,640.0,480.0,1.3333334,110.83513,1.6825093,77.31164,0.040395834,13.104518
P43,08998259763121008-LET KNOW.mp4,LETKNOW,D_02_028,train,True,,75.0,29.976019,2.502,640.0,480.0,1.3333334,132.9046,2.9311235,64.26839,0.07627083,10.500378
P40,6548359118926097-ROCKET 2.mp4,ROCKET2,E_02_088,train,True,,92.0,29.967426,3.07,640.0,480.0,1.3333334,114.43787,5.423263,75.68226,0.048104167,16.405338
P43,9642576614192337-PREACHER.mp4,PREACHER,D_01_019,train,True,,70.0,30.004286,2.333,640.0,480.0,1.3333334,132.87114,6.104478,64.46904,0.085927084,12.931693
P43,41405801734964043-MEET.mp4,MEET,D_02_018,train,True,,84.0,29.967892,2.803,640.0,480.0,1.3333334,137.34363,1.1883817,62.305252,0.08136459,15.723958
P40,35527877685921094-OPEN WALLET.mp4,OPENWALLET,E_03_002,train,True,,100.0,29.967037,3.337,640.0,480.0,1.3333334,115.77632,5.9838967,75.16087,0.048979167,17.633516
P43,0580578186613665-ZIPPER.mp4,ZIPPER,D_01_034,train,True,,73.0,30.391,2.402027,640.0,480.0,1.3333334,135.52574,2.9767435,63.401363,0.07123958,13.908984
P40,9940257783889723-CREATE.mp4,CREATE,D_03_076,train,True,,90.0,29.97003,3.003,640.0,480.0,1.3333334,115.90288,5.130743,76.94219,0.044052083,13.747031
P43,012100790577244558-MATCH.mp4,MATCH,D_01_050,train,True,,72.0,29.975021,2.402,640.0,480.0,1.3333334,130.85612,2.5386188,61.399906,0.07761458,17.02819
P40,6864699565160692-SILVER.mp4,SILVER,D_03_091,train,True,,91.0,30.003298,3.033,640.0,480.0,1.3333334,109.98651,1.3183657,77.8302,0.041416667,8.579349
P40,8482080291969265-PLENTY.mp4,PLENTY,E_01_014,train,True,,83.0,29.97472,2.769,640.0,480.0,1.3333334,115.74187,6.09083,75.46582,0.045989584,14.189023
P40,03710350592325584-CHANGE.mp4,CHANGE,E_01_031,train,True,,89.0,29.99663,2.967,640.0,480.0,1.3333334,115.98155,4.997303,76.79701,0.043625,11.724778
P40,7245024022987878-OBVIOUS.mp4,OBVIOUS,E_03_056,train,True,,77.0,29.996105,2.567,640.0,480.0,1.3333334,115.16859,5.655117,75.31697,0.048125,17.448112
P40,36305299512235356-PHARMACIST.mp4,PHARMACIST,E_01_051,train,True,,101.0,29.970325,3.37,640.0,480.0,1.3333334,114.15539,4.3103356,76.206985,0.045875,15.160352
P40,6942834524009942-BEE.mp4,BEE1,J_02_101,train,True,,98.0,29.996939,3.267,640.0,480.0,1.3333334,118.88972,10.446827,89.000084,0.044708334,16.363894
P40,16505519650098455-SPRING.mp4,SPRING,E_03_074,train,True,,92.0,29.99674,3.067,640.0,480.0,1.3333334,119.69893,13.070986,82.460304,0.05671875,26.333477
P40,5673346080112269-REFLECT.mp4,REFLECT,E_03_036,train,True,,106.0,30.00283,3.533,640.0,480.0,1.3333334,110.76027,2.3736565,86.542244,0.04671875,13.479336
P40,8808744309072858-BIND.mp4,BIND,E_03_092,train,True,,100.0,30.003,3.333,640.0,480.0,1.3333334,108.29623,0.97887105,77.66819,0.041145835,11.877006
P40,12548966764914815-BULLDOZER.mp4,BULLDOZER,E_01_083,train,True,,117.0,30.0,3.9,640.0,480.0,1.3333334,111.54452,5.5115695,76.05819,0.042572916,14.564778
P40,7750625465116667-MISSING.mp4,MISSING,E_02_017,train,True,,79.0,30.454,2.5940764,640.0,480.0,1.3333334,117.32977,5.9206553,76.81413,0.043697916,16.267096
P40,42204088436419274-IMMERSE.mp4,IMMERSE,E_02_032,train,True,,100.0,29.967037,3.337,640.0,480.0,1.3333334,113.96298,4.85359,75.7337,0.046625,16.877201
P40,4049995708628238-TAKE OFF.mp4,TAKEOFF1,F_01_020,train,True,,91.0,30.003298,3.033,640.0,480.0,1.3333334,118.62717,4.7561045,76.42959,0.045489583,19.116758
P40,7313470209748698-TRUE BUSINESS.mp4,TRUEBUSINESS,E_03_068,train,True,,115.0,29.971333,3.837,640.0,480.0,1.3333334,116.97345,4.276196,76.913,0.043114584,11.920859
P40,5212285317617278-AUDIENCE.mp4,AUDIENCE,F_01_072,train,True,,83.0,29.920692,2.774,640.0,480.0,1.3333334,112.35279,7.966078,77.888016,0.046510417,19.255312
P40,061316921130843305-WRAP.mp4,WRAP,E_02_050,train,True,,145.0,30.00207,4.833,640.0,480.0,1.3333334,116.80726,3.0009594,77.41084,0.04346875,24.976797
P40,1398866670459633-PENGUIN.mp4,PENGUIN,F_01_088,train,True,,114.0,30.222,3.7720866,640.0,480.0,1.3333334,110.9669,0.6313694,76.87746,0.041125,9.113177
P40,9361449475083383-DELINQUENT.mp4,DELINQUENT,F_02_003,train,True,,107.0,29.9217,3.576,640.0,480.0,1.3333334,115.1708,2.4929214,75.23713,0.04584375,19.21806
P40,21609133086632148-PJS.mp4,PJS,E_03_102,train,True,,99.0,29.972752,3.303,640.0,480.0,1.3333334,114.756966,0.7256565,77.95302,0.04047917,6.139219
P40,8773863329740939-DANGER.mp4,DANGER,E_02_067,train,True,,90.0,30.0,3.0,640.0,480.0,1.3333334,117.63152,3.6582065,75.80274,0.043895833,14.665495
P40,1678834499710664-SPEND LOTS_OF_MONEY.mp4,SPENDLOTSOFMONEY,E_02_083,train,True,,128.0,29.969563,4.271,640.0,480.0,1.3333334,117.21976,2.614574,76.67642,0.0446875,13.974193
P40,2675784755145161-BEG.mp4,BEG,F_02_037,train,True,,80.0,29.99625,2.667,640.0,480.0,1.3333334,117.91233,5.246131,74.066635,0.046229165,10.939727
P40,9567063358433201-BOMB.mp4,BOMB,F_02_055,train,True,,97.0,29.919802,3.242,640.0,480.0,1.3333334,113.74991,8.261188,76.678055,0.044208333,19.089388
P40,09176723865512693-CHIN 2.mp4,CHIN,F_02_070,train,True,,98.0,29.96942,3.27,640.0,480.0,1.3333334,117.461044,2.795266,76.21917,0.041625,8.212852
P40,5877477403766205-SWING 2.mp4,SWING2,F_02_085,train,True,,100.0,29.967037,3.337,640.0,480.0,1.3333334,118.652466,4.0669804,75.00749,0.0460625,11.937408
P40,6928241454944861-SOFT.mp4,SOFT,E_03_013,train,True,,90.0,30.384,2.9620852,640.0,480.0,1.3333334,120.1648,5.7614956,74.44961,0.04403125,12.792695
P40,6859041728055406-CAR ACCIDENT.mp4,CARACCIDENT,E_03_029,train,True,,121.0,29.92087,4.044,640.0,480.0,1.3333334,115.14431,0.9754021,77.69782,0.041322917,11.087383
P40,7981821144757577-FIRETRUCK.mp4,FIRETRUCK,F_02_101,train,True,,130.0,30.0,4.3333335,640.0,480.0,1.3333334,111.83175,1.2614145,77.114235,0.040625,12.162565
P40,17221166088036055-CLAUSE.mp4,CLAUSE,F_03_013,train,True,,98.0,29.923664,3.275,640.0,480.0,1.3333334,112.18631,6.4018235,77.25699,0.044375,13.67582
P40,16027634949398117-WHITE.mp4,WHITE,E_03_046,train,True,,69.0,30.571,2.257041,640.0,480.0,1.3333334,117.5048,2.5392756,75.69303,0.040489584,8.428698
P40,8606910917968831-PUT.mp4,PUT,F_03_046,train,True,,90.0,29.97003,3.003,640.0,480.0,1.3333334,116.94432,3.2841542,75.774536,0.040802084,9.766875
P40,3346796780303052-SUPPORT 2.mp4,SUPPORT1,F_03_066,train,True,,92.0,29.967426,3.07,640.0,480.0,1.3333334,118.43328,3.7417376,75.43581,0.0438125,13.26
P40,26572867786563803-CLUELESS.mp4,CLUELESS,F_03_082,train,True,,95.0,29.996843,3.167,640.0,480.0,1.3333334,113.04177,4.6593065,77.26275,0.040177085,14.148815
P40,4612467897905175-TWINS.mp4,TWINS1,F_01_032,train,True,,90.0,29.97003,3.003,640.0,480.0,1.3333334,116.55977,1.3831035,76.56934,0.039583333,6.0752993
P40,4951508680992962-WASH FACE_1.mp4,WASHFACE1,G_01_011,train,True,,89.0,29.96633,2.97,640.0,480.0,1.3333334,112.738075,4.500063,76.936516,0.040458333,15.673164
P40,7914969176922233-PLAIN.mp4,PLAIN,E_03_079,train,True,,88.0,30.00341,2.933,640.0,480.0,1.3333334,119.61347,4.2666554,75.73413,0.04471875,14.058516
P40,8979799283882304-HEART TOUCH.mp4,HEARTTOUCH,E_03_097,train,True,,73.0,29.918034,2.44,640.0,480.0,1.3333334,116.89759,1.8023564,76.016975,0.041385416,8.510325
P40,5910716606571675-FREE.mp4,FREE,G_01_027,train,True,,79.0,29.96965,2.636,640.0,480.0,1.3333334,117.667175,2.733059,76.03414,0.041958332,10.312226
P40,9502926253049975-CANCER.mp4,CANCER1,F_01_047,train,True,,90.0,29.97003,3.003,640.0,480.0,1.3333334,114.806305,3.606973,74.629616,0.043520834,10.486901
P40,9081816589308054-SLED 1.mp4,SLED1,F_01_010,train,True,,109.0,29.969755,3.637,640.0,480.0,1.3333334,116.37757,1.58046,76.31515,0.045020834,12.983438
P40,7551709617578584-CAMEL.mp4,CAMEL,G_01_042,train,True,,94.0,29.97449,3.136,640.0,480.0,1.3333334,113.49618,3.86636,78.159966,0.04178125,14.368919
P40,26744417567554857-TO A_GOAL.mp4,TOAGOAL,F_01_026,train,True,,98.0,29.96942,3.27,640.0,480.0,1.3333334,112.77742,5.818909,78.11021,0.044177085,17.535286
P40,6411119940820968-KNOCK.mp4,KNOCK,F_01_042,train,True,,83.0,29.996386,2.767,640.0,480.0,1.3333334,116.224304,1.7736572,77.54772,0.038927082,9.72677
P40,845583367464454-BOW 3.mp4,BOW4,F_01_060,train,True,,108.0,29.916897,3.61,640.0,480.0,1.3333334,117.39,1.9089406,77.44547,0.0421875,13.483594
P40,5271676044512075-BRAILLE.mp4,BRAILLE,F_01_078,train,True,,106.0,29.9689,3.537,640.0,480.0,1.3333334,118.197174,2.8155258,75.95469,0.045604166,11.541302
P40,8840472524339504-RUN OUT_OF.mp4,RUNOUTOF,G_01_077,train,True,,86.0,30.345,2.8340747,640.0,480.0,1.3333334,118.72614,3.2181604,75.3693,0.043604165,13.334206
P40,8220503082889505-FENCING.mp4,FENCING,F_01_083,train,True,,112.0,29.970564,3.737,640.0,480.0,1.3333334,118.7015,3.0131688,75.93418,0.041104168,9.369987
P40,21176465620377893-DESSERT.mp4,DESSERT,F_01_094,train,True,,68.0,29.91641,2.273,640.0,480.0,1.3333334,120.57223,4.453514,75.18995,0.044614583,13.668125
P40,33105289912907976-MUSCLE.mp4,MUSCLE,G_01_095,train,True,,79.0,29.924242,2.64,640.0,480.0,1.3333334,117.67661,2.1027372,76.83763,0.04115625,10.768568
P40,3958753309494858-SLIDE.mp4,SLIDE1,F_01_100,train,True,,106.0,30.00283,3.533,640.0,480.0,1.3333334,117.77773,2.0356112,76.55354,0.039677083,9.625274
P40,26574475047261026-ECLIPSE.mp4,ECLIPSE,F_02_015,train,True,,96.0,30.0,3.2,640.0,480.0,1.3333334,110.11861,8.040913,78.90596,0.043458335,18.162344
P40,29906579062983885-BUTTONS.mp4,BUTTONS,F_02_025,train,True,,102.0,30.357,3.3600159,640.0,480.0,1.3333334,117.4087,0.8196014,77.032776,0.03872917,7.364362
P40,6458203226414239-GUM.mp4,GUM,G_02_010,train,True,,98.0,30.274,3.237101,640.0,480.0,1.3333334,132.04176,2.1124883,83.66077,0.03953125,9.782917
P40,1428817670957705-RACE.mp4,RACE,F_02_075,train,True,,81.0,29.966703,2.703,640.0,480.0,1.3333334,118.3279,2.6715257,77.03897,0.03990625,7.415026
P40,1986007166975341-LICK 2.mp4,LICK2,F_02_090,train,True,,85.0,30.00353,2.833,640.0,480.0,1.3333334,119.75823,4.286928,75.640884,0.045489583,12.979154
P40,6355143976749551-OPERATE MACHINE.mp4,OPERATEMACHINE,G_02_026,train,True,,101.0,29.99703,3.367,640.0,480.0,1.3333334,117.11822,0.95185804,77.05931,0.042510416,10.1276045
P40,6679882700429056-LIPS.mp4,LIPS,G_02_043,train,True,,84.0,29.967892,2.803,640.0,480.0,1.3333334,118.09909,1.8331904,77.28654,0.039489582,7.8126693
P40,9081722124665514-RUIN.mp4,RUIN,G_02_060,train,True,,75.0,29.916235,2.507,640.0,480.0,1.3333334,119.35034,3.9060528,76.59452,0.042302083,11.632292
P40,27500193690965324-UNICORN.mp4,UNICORN,F_02_031,train,True,,92.0,30.323,3.0340006,640.0,480.0,1.3333334,91.36744,45.771175,63.44101,0.031385418,41.504402
P40,6876756955718417-BACKYARD.mp4,BACKYARD,F_03_003,train,True,,105.0,29.974308,3.503,640.0,480.0,1.3333334,119.040955,1.0892079,77.42987,0.041447915,13.162552
P40,9785840698521964-KISS ON_CHEEK.mp4,KISSONCHEEK,F_03_018,train,True,,112.0,29.922522,3.743,640.0,480.0,1.3333334,118.51529,0.8999141,77.432495,0.0385,6.0111327
P40,10899776819659879-BUFFALO.mp4,BUFFALO,F_03_033,train,True,,80.0,29.917727,2.674,640.0,480.0,1.3333334,117.37689,3.5122848,78.173904,0.03959375,11.710026
P40,7447838033895864-SHOULD.mp4,SHOULD,G_02_079,train,True,,70.0,29.965754,2.336,640.0,480.0,1.3333334,119.8573,1.4164968,77.09699,0.039854165,7.8769794
P40,4902245623825132-PIN ON.mp4,PINON,G_02_096,train,True,,65.0,29.967728,2.169,640.0,480.0,1.3333334,119.28313,0.7043508,77.435905,0.03996875,8.091433
P40,9033951183755784-CURIOUS.mp4,CURIOUS,F_03_051,train,True,,69.0,30.0,2.3,640.0,480.0,1.3333334,118.13401,0.31148177,77.74666,0.041104168,6.945156
P40,34858554485687865-NAIL.mp4,NAIL,G_03_010,train,True,,87.0,30.324,2.8690147,640.0,480.0,1.3333334,118.33466,2.6503994,76.619255,0.043104168,13.02332
P40,2239115848074491-MELON.mp4,MELON,G_03_025,train,True,,93.0,30.0,3.1,640.0,480.0,1.3333334,120.10462,2.415657,75.891884,0.0454375,13.301953
P40,009915111997864212-FIX.mp4,FIX,G_03_043,train,True,,82.0,29.916088,2.741,640.0,480.0,1.3333334,122.02452,4.825397,75.577255,0.045020834,12.61224
P40,3714054656515293-ARGUE.mp4,ARGUE,F_03_072,train,True,,77.0,29.996105,2.567,640.0,480.0,1.3333334,119.52263,2.1497536,77.10583,0.04115625,11.044466
P40,6751966585966453-SEVEN.mp4,SEVEN,F_03_087,train,True,,49.0,29.96942,1.635,640.0,480.0,1.3333334,118.41315,2.9288363,78.64538,0.043197915,7.6046352
P40,26070041519112674-DINING ROOM.mp4,DININGROOM,F_02_049,train,True,,90.0,30.0,3.0,640.0,480.0,1.3333334,121.61742,5.001469,76.85429,0.043041665,13.610559
P40,3918678808994427-HOLD.mp4,HOLD1,F_02_080,train,True,,78.0,29.965424,2.603,640.0,480.0,1.3333334,119.95219,2.2823322,77.31805,0.039645832,8.692097
P40,08341495990911096-REFRIGERATOR.mp4,REFRIGERATOR,G_01_001,train,True,,108.0,30.0,3.6,640.0,480.0,1.3333334,125.961044,5.354554,77.1563,0.045,12.887435
P40,14509795374465262-TAPE.mp4,TAPE,G_01_017,train,True,,81.0,29.922422,2.707,640.0,480.0,1.3333334,120.88356,3.2381098,76.7358,0.043614585,13.047044
P40,4891142429929183-MICROPHONE.mp4,MICROPHONE,F_02_096,train,True,,82.0,30.003658,2.733,640.0,480.0,1.3333334,118.52852,1.1080751,77.32476,0.038541667,7.1602736
P40,09348851811257752-NEXT TO.mp4,NEXTTO,F_03_008,train,True,,105.0,30.0,3.5,640.0,480.0,1.3333334,119.0641,0.54195863,78.44177,0.04046875,9.703776
P40,20665150449756453-ARCHEOLOGY.mp4,ARCHEOLOGY,G_03_060,train,True,,89.0,29.915966,2.975,640.0,480.0,1.3333334,120.62762,2.685943,76.50806,0.04526042,10.017422
P40,7389574114292055-OCEAN.mp4,OCEAN,G_03_076,train,True,,84.0,29.91453,2.808,640.0,480.0,1.3333334,121.17698,3.787609,76.370445,0.044927083,14.059167
P40,2053925903776488-RIDE 1.mp4,RIDE2,F_03_023,train,True,,82.0,30.003658,2.733,640.0,480.0,1.3333334,120.004524,2.737058,76.41779,0.04503125,13.68987
P40,9495419363863675-PERMISSION.mp4,PERMISSION,G_03_093,train,True,,67.0,30.004478,2.233,640.0,480.0,1.3333334,120.612564,3.283119,76.1374,0.044979166,12.109909
P40,9398703841083913-SKUNK.mp4,SKUNK,G_01_032,train,True,,90.0,29.97003,3.003,640.0,480.0,1.3333334,113.801,7.374616,79.394615,0.044979166,20.746458
P40,9321172620631089-CONVINCE.mp4,CONVINCE1,G_01_048,train,True,,79.0,29.96965,2.636,640.0,480.0,1.3333334,119.4984,3.3897815,75.51172,0.04510417,11.615481
P40,44036150930141615-HALF.mp4,HALF,F_03_040,train,True,,75.0,29.976019,2.502,640.0,480.0,1.3333334,118.86275,1.7330297,77.34485,0.03909375,7.4327602
P40,1422693040623011-SOUR.mp4,SOUR,F_03_060,train,True,,57.0,29.921259,1.905,640.0,480.0,1.3333334,119.944084,2.215695,77.31288,0.0410625,7.449206
P40,9362257667539511-WEEKEND.mp4,WEEKEND,H_01_009,train,True,,86.0,29.996511,2.867,640.0,480.0,1.3333334,121.15474,4.7352867,75.11974,0.04396875,14.852565
P40,25587365627870473-VISUALIZE.mp4,VISUALIZE,H_01_027,train,True,,92.0,29.967426,3.07,640.0,480.0,1.3333334,113.011024,7.635667,78.1482,0.042864583,19.522709
P40,16038467425151426-SCORE.mp4,SCORE,H_01_060,train,True,,90.0,29.97003,3.003,640.0,480.0,1.3333334,121.41309,2.3517652,75.73245,0.042177085,11.763815
P40,4945066725857523-STAMP 2.mp4,STAMP2,F_03_093,train,True,,95.0,29.996843,3.167,640.0,480.0,1.3333334,118.7376,3.252542,75.184166,0.040927082,12.486107
P40,6073433623305806-NEWS TO_ME.mp4,NEWSTOME,H_01_078,train,True,,84.0,30.0,2.8,640.0,480.0,1.3333334,118.10085,3.1539116,75.03076,0.045895834,12.169779
P40,4623939078299175-FENCE.mp4,FENCE1,G_01_006,train,True,,87.0,30.0,2.9,640.0,480.0,1.3333334,121.05415,3.889493,78.18599,0.04227083,11.604011
P40,02464248991346185-IMMATURE.mp4,IMMATURE,G_01_082,train,True,,70.0,29.965754,2.336,640.0,480.0,1.3333334,126.74786,6.592295,91.2624,0.04753125,21.213282
P40,9187970219553703-BACK UP.mp4,BACKUP,G_01_102,train,True,,88.0,29.972752,2.936,640.0,480.0,1.3333334,113.97443,5.0008554,81.96729,0.048989583,25.515886
P40,7586792938011859-THINK EXPAND.mp4,THINKEXPAND,G_02_015,train,True,,100.0,29.967037,3.337,640.0,480.0,1.3333334,111.343094,3.242076,82.29874,0.048114583,19.743113
P40,8121714014014498-CELERY.mp4,CELERY,G_02_048,train,True,,91.0,29.97365,3.036,640.0,480.0,1.3333334,93.38446,46.72506,68.92062,0.038760416,38.096733
P40,060510514939626336-DOCUMENT.mp4,DOCUMENT,H_01_097,train,True,,76.0,29.921259,2.54,640.0,480.0,1.3333334,116.933044,6.426792,82.50562,0.052375,21.532734
P40,3167272995281376-DREADLOCKS.mp4,DREADLOCKS,G_02_069,train,True,,111.0,30.0,3.7,640.0,480.0,1.3333334,88.02926,44.446423,67.067665,0.041989584,45.85172
P40,6261250434431211-PROGRAM.mp4,PROGRAM,G_02_084,train,True,,77.0,29.972752,2.569,640.0,480.0,1.3333334,119.56102,7.7553754,81.988655,0.051927082,18.168125
P40,5668693834062983-VERY.mp4,VERY,G_02_101,train,True,,73.0,29.918034,2.44,640.0,480.0,1.3333334,119.924126,6.633222,83.296936,0.0541875,18.626003
P40,3060487300523651-SAXOPHONE.mp4,SAXOPHONE,G_03_015,train,True,,83.0,29.97472,2.769,640.0,480.0,1.3333334,122.33074,6.922193,83.63712,0.05167708,17.904558
P40,7154387520066623-BUSTED.mp4,BUSTED,G_01_022,train,True,,98.0,29.96942,3.27,640.0,480.0,1.3333334,121.34586,6.149957,84.47878,0.0526875,19.978254
P40,7412036674746227-HANDS OFF.mp4,HANDSOFF,H_02_027,train,True,,95.0,29.996843,3.167,640.0,480.0,1.3333334,123.18479,2.0828984,92.12351,0.0458125,17.127266
P40,9234048858116006-TIME PROGRESS.mp4,TIMEPROGRESS,H_02_061,train,True,,100.0,30.003,3.333,640.0,480.0,1.3333334,118.67937,9.824707,82.422775,0.049927082,25.80711
P40,12376055835765443-RESIST.mp4,RESIST,G_03_030,train,True,,94.0,29.91725,3.142,640.0,480.0,1.3333334,110.73772,1.4444865,85.2241,0.04771875,20.896627
P40,5564288825822907-NEEDLE.mp4,NEEDLE,H_02_077,train,True,,92.0,29.967426,3.07,640.0,480.0,1.3333334,113.99892,4.0554094,85.38817,0.048666667,20.447514
P40,13626176053453953-SOUND.mp4,SOUND,H_02_096,train,True,,85.0,30.00353,2.833,640.0,480.0,1.3333334,112.52528,1.5068144,85.00089,0.0485,9.852526
P40,18820142261023975-SIREN.mp4,SIREN,G_03_065,train,True,,96.0,30.0,3.2,640.0,480.0,1.3333334,112.98197,5.2730412,82.76859,0.04984375,17.393164
P40,9358728475408691-DUTY.mp4,DUTY,H_03_008,train,True,,83.0,29.97472,2.769,640.0,480.0,1.3333334,116.619125,5.8959346,82.43476,0.051854167,18.845833
P40,7581675088571544-MEMORIZE.mp4,MEMORIZE,G_03_081,train,True,,84.0,29.91453,2.808,640.0,480.0,1.3333334,112.06928,1.385747,84.41849,0.047354165,8.624948
P40,6077345158270049-PROTEST.mp4,PROTEST,H_03_026,train,True,,80.0,29.99625,2.667,640.0,480.0,1.3333334,112.2498,2.3405995,82.988815,0.046864584,14.6364975
P40,11044012470847586-BOIL.mp4,BOIL2,G_03_101,train,True,,84.0,30.0,2.8,640.0,480.0,1.3333334,118.01841,8.672368,81.183044,0.051104166,20.506992
P40,16773855585263187-ONE MORE_1.mp4,ONEMORE1,H_03_041,train,True,,84.0,30.281,2.7740166,640.0,480.0,1.3333334,119.0337,7.1342936,80.52013,0.0514375,20.372175
P40,12727868514342755-SPILL 1.mp4,SPILL1,G_01_037,train,True,,82.0,30.003658,2.733,640.0,480.0,1.3333334,117.74273,5.0432067,81.399536,0.05021875,13.19888
P40,07049522163394939-SELF.mp4,SELF,H_01_015,train,True,,90.0,30.0,3.0,640.0,480.0,1.3333334,112.99082,1.3286203,82.61577,0.048520833,15.250703
P40,5010906491885074-DEVELOP.mp4,DEVELOP1,J_03_092,train,True,,91.0,29.91453,3.042,640.0,480.0,1.3333334,114.258934,5.0559926,82.284706,0.045958333,14.996211
P40,13698404104270012-SHARPEN 1.mp4,SHARPEN1,H_03_060,train,True,,88.0,29.972752,2.936,640.0,480.0,1.3333334,114.02936,5.294814,83.259155,0.046770833,12.507331
P40,044700512259179925-TOP.mp4,TOP,H_01_065,train,True,,71.0,29.919933,2.373,640.0,480.0,1.3333334,115.56573,3.6454923,83.87383,0.047010418,12.967161
P40,635262261966874-TOW 1.mp4,TOW2,H_01_086,train,True,,91.0,30.003298,3.033,640.0,480.0,1.3333334,115.62734,5.2949705,82.54014,0.04803125,14.973008
P40,8643136674769543-AREA.mp4,AREA,H_02_015,train,True,,77.0,29.996105,2.567,640.0,480.0,1.3333334,114.78079,4.263211,83.372826,0.048302084,15.640781
P40,16745069113802313-PHILOSOPHY.mp4,PHILOSOPHY,H_03_095,train,True,,115.0,30.00261,3.833,640.0,480.0,1.3333334,110.35196,2.6854587,84.79739,0.04654167,9.421016
P40,8661531195489742-SHARP 1.mp4,SHARP1,G_01_055,train,True,,73.0,29.918034,2.44,640.0,480.0,1.3333334,116.051186,5.5473366,82.882484,0.04880208,17.253645
P40,34720267604028443-HOLY.mp4,HOLY,G_01_072,train,True,,98.0,29.996939,3.267,640.0,480.0,1.3333334,118.43935,8.390025,81.64312,0.051489584,19.17987
P40,0987109376030939-WHILE.mp4,WHILE,H_02_032,train,True,,91.0,29.97365,3.036,640.0,480.0,1.3333334,109.924706,4.1102676,81.07627,0.04875,13.258411
P40,05383387018361496-FINGERS CROSSED.mp4,FINGERSCROSSED,J_01_006,train,True,,89.0,29.96633,2.97,640.0,480.0,1.3333334,115.51934,5.2498155,82.79841,0.050895832,15.421224
P40,5457666403794905-QUARTER.mp4,QUARTER,H_02_049,train,True,,79.0,29.96965,2.636,640.0,480.0,1.3333334,115.14872,2.0845869,85.0888,0.047895834,13.5260935
P40,8582421156380451-STUDY.mp4,STUDY,G_01_090,train,True,,70.0,29.965754,2.336,640.0,480.0,1.3333334,115.38766,3.8603683,83.20722,0.049770832,14.569467
P40,304541461633119-HONGKONG.mp4,HONGKONG,G_02_004,train,True,,95.0,29.921259,3.175,640.0,480.0,1.3333334,114.23754,2.3617136,83.64233,0.0450625,11.344153
P40,23368170114064513-COACH.mp4,COACH,H_02_083,train,True,,81.0,30.0,2.7,640.0,480.0,1.3333334,112.072914,0.55839074,84.62848,0.046666667,10.450352
P40,4848268002518783-DIZZY.mp4,DIZZY,H_02_102,train,True,,85.0,29.97179,2.836,640.0,480.0,1.3333334,114.454,2.8892317,83.80161,0.04665625,14.683907
P40,5175503311738741-ENVIRONMENT.mp4,ENVIRONMENT,J_01_022,train,True,,98.0,29.996939,3.267,640.0,480.0,1.3333334,119.68431,7.9659815,81.19742,0.049177084,17.82832
P40,3074374786031364-CONVINCE 2.mp4,CONVINCE2,H_03_013,train,True,,85.0,29.97179,2.836,640.0,480.0,1.3333334,115.3585,5.6874356,82.17279,0.04715625,17.23832
P40,5143610214907899-CANNON.mp4,CANNON,G_02_037,train,True,,94.0,29.91725,3.142,640.0,480.0,1.3333334,118.342636,7.416563,80.73069,0.048885416,22.139753
P40,7904649473435432-PAIR.mp4,PAIR,H_03_031,train,True,,77.0,29.972752,2.569,640.0,480.0,1.3333334,118.61933,8.234099,81.83577,0.04990625,22.009857
P40,1547033752966065-BLINK.mp4,BLINK,G_02_055,train,True,,89.0,29.99663,2.967,640.0,480.0,1.3333334,112.02763,7.7087517,83.3047,0.052697916,18.352474
P40,0828326162590376-NAVY.mp4,NAVY,H_03_049,train,True,,113.0,29.997345,3.767,640.0,480.0,1.3333334,115.43819,3.5588243,83.27037,0.048822917,19.44138
P40,5931559715589938-REACT.mp4,REACT,H_03_065,train,True,,82.0,29.916088,2.741,640.0,480.0,1.3333334,117.230316,6.8398504,81.77876,0.051958334,17.596731
P40,7996329072408532-PHOTOGRAPHY.mp4,PHOTOGRAPHY,J_01_038,train,True,,90.0,29.97003,3.003,640.0,480.0,1.3333334,112.2495,1.5154314,82.76213,0.051489584,12.972136
P40,5030969222993125-UNAWARE.mp4,UNAWARE,H_03_082,train,True,,98.0,29.996939,3.267,640.0,480.0,1.3333334,112.80602,3.3910866,82.26762,0.04685417,14.22914
P40,1253448695587931-SAVE MONEY.mp4,SAVEMONEY,G_02_074,train,True,,105.0,30.0,3.5,640.0,480.0,1.3333334,117.71777,4.2888365,83.65559,0.047322918,14.611003
P40,329145434693467-HEAD BACK.mp4,HEADBACK,H_03_100,train,True,,95.0,29.996843,3.167,640.0,480.0,1.3333334,116.62175,5.6700644,82.17958,0.049041666,19.457539
P40,3464253731961544-CATCH 2.mp4,CATCH1,J_01_073,train,True,,83.0,29.97472,2.769,640.0,480.0,1.3333334,114.2141,2.2698286,83.50476,0.0485625,8.569271
P40,773316113480492-W.H.A.T.mp4,W.H.A.T,G_02_089,train,True,,86.0,29.975601,2.869,640.0,480.0,1.3333334,115.459335,4.090579,82.782616,0.050552085,10.325352
P40,18721819748063595-CALM.mp4,CALM,G_03_004,train,True,,95.0,29.996843,3.167,640.0,480.0,1.3333334,115.89896,5.39728,82.259224,0.05190625,16.02164
P40,8157226262677291-ICE.mp4,ICE,G_03_020,train,True,,76.0,30.003948,2.533,640.0,480.0,1.3333334,112.49379,1.8860843,83.18311,0.048385415,9.038581
P40,26195343019974393-DOWN.mp4,DOWN,G_03_055,train,True,,74.0,29.97165,2.469,640.0,480.0,1.3333334,110.120926,5.032951,82.72113,0.049114585,15.983424
P40,2731564653537184-OPINION 1.mp4,OPINION1,J_01_108,train,True,,130.0,29.967728,4.338,640.0,480.0,1.3333334,109.220024,1.9536579,83.13994,0.046979167,8.182071
P40,6239969381843566-BASKET 1.mp4,BASKET2,G_03_070,train,True,,78.0,30.0,2.6,640.0,480.0,1.3333334,115.261665,5.544837,79.86069,0.048041668,21.493855
P40,3966063130039079-KICK.mp4,KICK2,G_03_087,train,True,,76.0,29.921259,2.54,640.0,480.0,1.3333334,113.21812,5.75006,80.10358,0.04696875,20.10927
P40,483050922422563-LINGUISTICS.mp4,LINGUISTICS,H_01_004,train,True,,83.0,29.996386,2.767,640.0,480.0,1.3333334,113.06971,4.7643304,80.88701,0.05003125,16.484076
P40,07940899233931042-STEAM.mp4,STEAM,J_01_011,train,True,,111.0,30.0,3.7,640.0,480.0,1.3333334,109.021645,3.8882773,81.09787,0.050479166,24.9225
P40,7588239813770072-CRASH.mp4,CRASH,J_02_017,train,True,,75.0,30.463,2.462003,640.0,480.0,1.3333334,112.55562,5.9575815,79.47725,0.04796875,16.867214
P40,41245312386920996-BURN 1.mp4,BURN,J_02_037,train,True,,79.0,29.96965,2.636,640.0,480.0,1.3333334,107.90733,1.4159293,80.80008,0.04582292,12.695937
P40,5498627467106327-SPECIALIST.mp4,SPECIALIST,H_01_038,train,True,,88.0,30.00341,2.933,640.0,480.0,1.3333334,109.86319,4.712154,80.41396,0.0474375,11.858438
P40,7585890658021501-LOAD.mp4,LOAD1,H_01_055,train,True,,112.0,30.002678,3.733,640.0,480.0,1.3333334,110.44345,4.8698144,79.26506,0.046802085,14.84569
P40,9506284345504894-SINGLE OUT.mp4,SINGLEOUT,J_01_061,train,True,,95.0,29.968454,3.17,640.0,480.0,1.3333334,111.37029,6.918941,78.33797,0.04796875,15.58707
P40,606691531762477-TICKLE.mp4,TICKLE,H_01_073,train,True,,74.0,29.995947,2.467,640.0,480.0,1.3333334,110.69767,6.9284306,79.00072,0.05140625,15.645911
P40,21946164612760133-WASH FACE_2.mp4,WASHFACE2,J_01_078,train,True,,91.0,30.272,3.0060782,640.0,480.0,1.3333334,110.445595,6.875284,78.7934,0.04709375,14.503724
P40,1622474789338748-VIDEOGAME.mp4,VIDEOGAME,H_01_091,train,True,,91.0,29.97365,3.036,640.0,480.0,1.3333334,111.17111,7.7028856,77.82218,0.049760416,13.854766
P40,6113806047132992-STACK.mp4,STACK3,J_01_096,train,True,,99.0,30.0,3.3,640.0,480.0,1.3333334,107.593216,5.059451,78.212105,0.048614584,20.004362
P40,10520608434310907-MODEL 2.mp4,MODEL1,J_02_005,train,True,,81.0,30.0,2.7,640.0,480.0,1.3333334,102.40462,5.8393917,74.01123,0.048583332,13.714583
P40,005276933272324369-SAME TIME.mp4,SAMETIME,H_02_021,train,True,,79.0,29.96965,2.636,640.0,480.0,1.3333334,107.748344,5.5218906,77.63342,0.050864585,16.231432
