asl_lex_code,gloss
A_01_002,TREE
A_01_003,NIGHT1
A_01_004,HAMBURGER
A_01_005,NEPHEW
A_01_008,CASTLE1
A_01_009,HUMBLE
A_01_010,CUP
A_01_011,ENGLISH
A_01_012,EYEGLASSES
A_01_013,TIE1
A_01_014,DENTIST1
A_01_015,SANDWICH1
A_01_016,MONKEY
A_01_017,CHAIR
A_01_018,CANDY1
A_01_019,WANDER
A_01_020,SCIENTIST
A_01_021,PARACHUTE1
A_01_022,READ
A_01_023,CAT1
A_01_024,ROOM
A_01_025,ISLAND
A_01_026,PAPER
A_01_027,BOOK
A_01_028,SHIRT1
A_01_029,HORSE
A_01_030,ROCK
A_01_031,DINOSAUR1
A_01_032,COFFEE
A_01_033,COW
A_01_034,BUTTER
A_01_035,TRASH
A_01_036,MOON
A_01_037,SHORTS
A_01_038,SCISSORS
A_01_039,SOUP
A_01_041,BIRD
A_01_042,SPAGHETTI
A_01_043,SNAKE
A_01_044,BOWTIE
A_01_045,CAMPING
A_01_046,SKIRT
A_01_047,STARS
A_01_048,SURF
A_01_049,WOLF
A_01_050,TIGER
A_01_051,MILK1
A_01_052,POLICEMAN1
A_01_053,TENNIS
A_01_054,COMPUTER
A_01_055,MOUNTAIN1
A_01_056,DOG1
A_01_057,SNOW1
A_01_058,PANTS1
A_01_059,DORMITORY
A_01_060,BAKE1
A_01_061,WAITER
A_01_062,STREET
A_01_063,OFFICE
A_01_064,BAG1
A_01_065,SHRIMP
A_01_066,DIAMOND
A_01_067,LANGUAGE
A_01_068,STRAWBERRY1
A_01_069,LEMON1
A_01_070,PEACH1
A_01_071,PROMISE
A_01_072,BRUSH
A_01_073,MONTH
A_01_074,PIE
A_01_075,RADIO
A_01_076,DEATH
A_01_077,CLOUD2
A_01_078,ASIA
A_01_079,DEVIL
A_01_080,MUSIC
A_01_081,PRIDE
A_01_082,DRAWER
A_01_083,LETTUCE1
A_01_084,SOAP1
A_01_085,FRENCHFRIES
A_01_086,DEODORANT
A_01_087,PLUNGER
A_01_088,SHOVEL1
A_01_089,RAZOR1
A_01_090,PRISON
A_02_001,SHOWER
A_02_002,DIAPER
A_02_003,BOWLING1
A_02_004,SANDALS
A_02_005,ELECTRICIAN
A_02_006,VOLLEYBALL
A_02_007,SURGEON
A_02_008,CHEAT1
A_02_009,TURTLE
A_02_010,SHEEP
A_02_011,SCIENCE
A_02_012,STUDENT
A_02_013,ICECREAM
A_02_014,CEREAL
A_02_015,BIOLOGY
A_02_016,KITCHEN
A_02_017,GOLF
A_02_018,SWING1
A_02_019,PILLOW1
A_02_020,ORANGE
A_02_021,CHEESE
A_02_022,UMBRELLA
A_02_024,GOAT
A_02_025,CURTAIN
A_02_026,GLOVES1
A_02_027,FOOTBALL
A_02_028,DUMB
A_02_029,PLAYGROUND
A_02_030,KITE1
A_02_031,WATER
A_02_032,PIG
A_02_033,TEACHER
A_02_034,DANCER
A_02_035,FISHING1
A_02_036,HISTORY
A_02_037,SPOON
A_02_038,TOILET
A_02_039,FIREMAN1
A_02_040,PHONE
A_02_041,LIBRARY
A_02_042,PICTURE
A_02_043,MICROWAVE
A_02_044,GORILLA
A_02_045,HAT1
A_02_046,WHISTLE1
A_02_047,TORNADO
A_02_048,WINDMILL1
A_02_049,TOBACCO
A_02_050,LAZY
A_02_051,BATHROOM
A_02_052,TEA
A_02_053,PENCIL
A_02_054,CAFETERIA
A_02_055,SHOULDER1
A_02_056,HAIR1
A_02_057,SHOES
A_02_058,BREAD
A_02_059,ELEPHANT
A_02_061,SALAD
A_02_072,NECKLACE1
A_02_073,PERFUME1
A_02_074,ROLLERSKATING
A_02_075,HEAVEN
A_02_076,MAGAZINE
A_02_077,GUITAR
A_02_078,TURKEY1
A_02_079,PAINTBRUSH
A_02_080,POPCORN
A_02_082,AFRICA
A_02_083,CARROT1
A_02_084,CORN1
A_02_085,PEPPER
A_02_086,BALLOON
A_02_087,GLOVE
A_02_088,COCONUT
A_02_089,GRAPES1
A_02_090,MOP1
A_03_001,CALENDAR1
A_03_002,BANANA1
A_03_003,HOMEWORK
A_03_004,SOCCER1
A_03_005,VERB
A_03_006,INSULT
A_03_007,LAWYER
A_03_008,DESERT
A_03_009,MOUSE
A_03_010,PSYCHOLOGIST
A_03_011,EGG
A_03_012,LION
A_03_013,SCARF1
A_03_014,ENGINEER
A_03_015,EVALUATE
A_03_016,BRIDESMAID
A_03_017,FLOWER
A_03_018,WITCH1
A_03_019,NAPKIN
A_03_020,DOCTOR1
A_03_021,NEUTRAL
A_03_022,GARAGE
A_03_023,UNDERWEAR1
A_03_024,BRACELET
A_03_025,TABLE
A_03_026,CLOWN
A_03_027,MATH
A_03_028,BRA1
A_03_029,PIANO
A_03_030,MECHANIC1
A_03_031,GRASS
A_03_032,BLANKET
A_03_033,SOCKS
A_03_034,MIRROR
A_03_035,RIVER1
A_03_036,BELT1
A_03_037,BED1
A_03_038,ONION
A_03_039,EARTHQUAKE
A_03_040,FISH
A_03_041,FOX
A_03_042,WINDOW
A_03_043,BASEBALL
A_03_044,ACCOUNTANT
A_03_045,BASKETBALL1
A_03_046,DRESS
A_03_047,ACTOR
A_03_048,STAIRS
A_03_049,GIRAFFE
A_03_050,POTATO
A_03_051,ROOSTER
A_03_052,DOOR
A_03_053,RING
A_03_054,APPLE
A_03_055,QUEEN
A_03_056,BUTTERFLY
A_03_057,DOLPHIN1
A_03_058,PIRATE
A_03_059,SECRETARY
A_03_060,DEER
A_03_061,RAIN
A_03_072,BAR
A_03_073,BACON
A_03_074,BINOCULARS
A_03_075,DRUM
A_03_076,MICROSCOPE1
A_03_077,WHIP
A_03_078,MACHINE
A_03_079,WAVE
A_03_080,CHANCE
A_03_081,BRIDGE1
A_03_082,PAPERCUTTER
A_03_083,VIOLIN
A_03_084,FLASHLIGHT1
A_03_085,ANGEL
A_03_086,CONCEPT
A_03_087,STAR
A_03_088,BUILDING
A_03_089,ATTENTION
A_03_090,GAS
B_01_002,CHOCOLATE
B_01_005,COUNSELOR
B_01_009,COLLEGE
B_01_011,START
B_01_012,PUZZLED
B_01_013,SURPRISE
B_01_015,HEARINGAID
B_01_016,BLIND
B_01_017,BORED1
B_01_018,RESPONSIBILITY
B_01_019,BATH
B_01_020,SOME
B_01_021,MUSTACHE
B_01_022,AWKWARD
B_01_023,RELATIONSHIP
B_01_024,FAVORITE
B_01_025,HUNT
B_01_026,RUDE
B_01_027,HEADACHE
B_01_028,HONEST
B_01_029,CITY1
B_01_030,TALL1
B_01_031,REST
B_01_032,IMPOSSIBLE
B_01_033,WARN
B_01_034,NEWYORK
B_01_035,HOCKEY
B_01_036,FLAG1
B_01_037,FILM
B_01_038,LAST
B_01_039,VIDEOPHONE
B_01_040,SHY
B_01_041,LOOKAT
B_01_042,LEARN
B_01_043,TRAFFIC
B_01_044,THREE
B_01_045,PRINT
B_01_046,MIND
B_01_047,BODY
B_01_048,FINGERSPELL
B_01_049,BECAUSE
B_01_050,PILL
B_01_051,BAKE2
B_01_052,GOOD
B_01_053,HOTEL
B_01_055,WRONG
B_01_056,TYPE2
B_01_057,DOUBT
B_01_058,JUDGE
B_01_059,ARMY
B_01_060,PATIENT1
B_01_061,MUCH
B_01_062,5DOLLARS
B_01_063,WRISTWATCH1
B_01_064,BREAKDOWN2
B_01_065,BROTHER
B_01_066,PERSON
B_01_067,BUG
B_01_068,ME
B_01_069,SALT
B_01_070,ANGRY
B_01_071,SERIOUS
B_01_072,SICK
B_01_073,LETTUCE2
B_01_074,MINUTE
B_01_076,SPEAKERS
B_01_077,FATHER
B_01_078,PREFER
B_01_079,NOTHING1
B_01_080,CERTIFICATE
B_01_081,IMPORTANT
B_01_082,DELICIOUS
B_01_083,FRECKLES
B_01_084,ENGAGEMENT
B_01_085,PATIENT2
B_01_086,FARM
B_01_087,THIEF2
B_01_088,WHICH
B_01_089,PEACE
B_01_090,SILLY
B_02_002,EAT1
B_02_003,ABOUT2
B_02_005,POSSIBLE
B_02_006,BLACK
B_02_007,PLEASE
B_02_008,MOTHER
B_02_009,SAME1
B_02_010,GALLAUDET
B_02_011,KNIFE1
B_02_012,DRINK1
B_02_013,SAME2
B_02_014,SCARCELY
B_02_015,YEAR
B_02_016,WAIT
B_02_018,ISRAEL
B_02_019,SWALLOW
B_02_020,FRIDAY
B_02_021,REALLY
B_02_022,CONGRATULATIONS
B_02_023,ASK
B_02_024,ALPHABET
B_02_025,WHATEVER
B_02_026,HOSPITAL1
B_02_027,SUBTRACT
B_02_029,WIN
B_02_030,AFTER
B_02_032,WEAR
B_02_033,KEY
B_02_034,TRY
B_02_035,WHERE
B_02_036,GRANDFATHER
B_02_037,SUMMER
B_02_038,ACT
B_02_039,PARADE
B_02_040,VOTE
B_02_041,SLOW
B_02_042,GROW
B_02_043,OTHER
B_02_044,DREAM
B_02_045,THURSDAY
B_02_046,LIPSTICK
B_02_047,WARM
B_02_048,BEHIND
B_02_052,BOSS
B_02_053,SAD
B_02_055,CIGAR
B_02_056,ZOOMIN
B_02_057,CREDITCARD
B_02_059,ACCIDENT
B_02_062,GOVERNMENT
B_02_063,DANCE
B_02_064,EXPERIENCE
B_02_065,WET
B_02_066,DISAGREEMENT
B_02_067,PURPLE
B_02_068,LOOKAPPEARANCE
B_02_069,MEAN2
B_02_070,NEW
B_02_071,AGE
B_02_072,ABOUT1
B_02_073,SEW
B_02_074,DECIDE1
B_02_075,STRESS
B_02_076,WONDER
B_02_077,PILE
B_02_078,HAIRDRYER1
B_02_079,WEEK
B_02_080,TIME
B_02_081,BLINDS1
B_02_082,BAD
B_02_083,HEALTH
B_02_084,LEAVE
B_02_085,GREEN
B_02_086,SON
B_02_087,SUNSET
B_02_088,CHARACTER
B_02_089,TRAVEL
B_02_090,BOY
B_03_001,FREEWAY
B_03_002,ANIMAL
B_03_003,TRAIN
B_03_004,REMOTECONTROL
B_03_005,EMOTION
B_03_006,VIDEOCAMERA1
B_03_007,GET
B_03_008,COOKIE
B_03_010,STARBUCKS
B_03_011,BRAG
B_03_012,LIE
B_03_013,COMMUNICATION
B_03_014,WORM
B_03_015,RUN1
B_03_016,VACATION
B_03_017,SHAVE2
B_03_018,IMAGINE1
B_03_019,THIEF1
B_03_021,SETUP
B_03_022,MAYBE
B_03_023,WORLD
B_03_024,TALL2
B_03_025,FINISH
B_03_026,CALLTTY
B_03_027,PIPE1
B_03_028,CRY1
B_03_029,RELIGION
B_03_030,CABINET
B_03_031,TOURNAMENT
B_03_032,MORE
B_03_033,DONTMIND
B_03_036,GLASSES
B_03_037,SLEEP
B_03_038,INTEREST
B_03_039,CAREFUL
B_03_040,CHECK
B_03_042,SNOB
B_03_043,THINGS
B_03_044,PARENTS
B_03_045,LOOKFOR
B_03_046,LIVE2
B_03_047,PROBLEM1
B_03_048,TROUBLE
B_03_049,FOR
B_03_050,BRAVE
B_03_051,CHALLENGE
B_03_052,CATHOLIC
B_03_054,TEXT
B_03_055,BORROW
B_03_056,WEDNESDAY
B_03_057,HAVE
B_03_058,FIGHT
B_03_059,WORK
B_03_061,LIVE1
B_03_062,BEER
B_03_063,HOME
B_03_064,LAWNMOWER
B_03_065,FINGERSPELLING
B_03_066,HEART
B_03_067,HOTDOG
B_03_068,CLASS
B_03_070,KEYBOARD
B_03_072,AND
B_03_073,CAMERA
B_03_074,FALL1
B_03_075,WAR
B_03_076,FIND
B_03_077,MOVIE1
B_03_078,LONELY
B_03_079,SCARED
B_03_080,HAPPEN
B_03_081,GRADUATE
B_03_082,EAT2
B_03_083,EMAIL
B_03_084,RESEARCH1
B_03_084,RESEARCH2
B_03_086,STUBBORN
B_03_087,CUTE2
B_03_089,RECORDING
B_03_090,FIRE
C_01_006,UNDERSTAND
C_01_007,DRYER
C_01_008,TALK1
C_01_009,PEOPLE
C_01_010,HUNGRY
C_01_011,FAT
C_01_012,LIGHTWEIGHT
C_01_013,LATE
C_01_014,EMBARRASS
C_01_015,MOCK
C_01_016,FIGURE
C_01_017,BABY1
C_01_018,VEGETABLE
C_01_019,UGLY
C_01_020,SORRY
C_01_021,PEPSI
C_01_022,PRETTY
C_01_023,COUSIN
C_01_024,MUSEUM
C_01_025,FAMILY
C_01_026,ACTION
C_01_027,CENTER
C_01_028,UPLOAD
C_01_029,FOUR
C_01_030,WASTE
C_01_031,LETTER1
C_01_032,MAKE
C_01_033,FIRST
C_01_034,BASEMENT
C_01_035,MCDONALDS
C_01_036,HARD
C_01_037,QUIET
C_01_038,CALLATTENTION
C_01_039,FRONT
C_01_040,MAN
C_01_041,WHO
C_01_042,MONEY1
C_01_043,FINE1
C_01_044,DAY
C_01_045,CUTE1
C_01_046,MEAN1
C_01_047,STRICT
C_01_048,KNOW
C_01_049,PAST
C_01_050,SHOW
C_01_051,FAULT
C_01_052,EQUAL
C_01_053,WISH
C_01_054,HEADPHONES
C_01_055,DOWNSIZE1
C_01_056,KING
C_01_057,GUESS2
C_01_058,STUPID1
C_01_059,CIGARETTE
C_01_060,MY
C_01_061,COMPLEX
C_01_062,EYES
C_01_063,DIVORCE
C_01_064,EXPENSIVE
C_01_065,RIGHT1
C_01_066,PLAY
C_01_067,CROSS1
C_01_069,HIPPO1
C_01_070,RIGHT2
C_01_071,STAFF
C_01_072,ERASER
C_01_073,COMPUTERMOUSE
C_01_074,PINK
C_01_075,ART
C_01_076,REASON
C_01_077,FOREIGNER1
C_01_078,DEMAND2
C_01_079,CHAT
C_01_080,NORTH
C_01_081,CRACKER1
C_01_082,TEMPTATION
C_01_083,CHERRY2
C_01_084,EXERCISE
C_01_085,ALARM
C_01_086,ANNOUNCE
C_01_087,BLOOD
C_01_088,APPOINTMENT
C_01_089,OWE
C_01_090,SKATE
C_02_001,FEEL
C_02_002,THIN
C_02_003,SUN
C_02_004,PRICE
C_02_005,TWO
C_02_006,AMERICA
C_02_007,INVITE
C_02_008,JACKET1
C_02_009,LOSEGAME
C_02_010,EUROPE
C_02_011,POOR
C_02_012,MORNING
C_02_013,TELL
C_02_014,REMEMBER2
C_02_015,WORRY
C_02_016,TEAR
C_02_017,CANCELLATION
C_02_018,CHURCH
C_02_019,STEAL
C_02_021,HAMMER
C_02_022,FRENCH
C_02_023,HEARING
C_02_024,RABBIT1
C_02_025,1DOLLAR
C_02_026,CORN2
C_02_027,GRANDMOTHER
C_02_028,WOMAN1
C_02_029,SOUTH
C_02_030,SEE
C_02_031,FRIENDLY
C_02_032,INTERNET
C_02_033,DEPARTMENT
C_02_034,NEED
C_02_036,BEHAVIOR
C_02_037,MEASURE1
C_02_038,TV
C_02_039,COLOR
C_02_040,JELLY
C_02_041,PUNISH
C_02_042,EGYPT
C_02_044,BALL
C_02_045,HIGH
C_02_046,BALANCE
C_02_047,STUPID2
C_02_048,GREECE
C_02_049,DOLL
C_02_050,FRUSTRATE
C_02_051,NUMBERS
C_02_052,SKATEBOARDING1
C_02_053,EXPLANATION
C_02_054,WHATFOR1
C_02_054,WHATFOR2
C_02_054,WHATFOR3
C_02_055,8HOUR
C_02_056,BENEFIT
C_02_057,WASHMACHINE
C_02_058,GULLIBLE
C_02_059,FURNITURE
C_02_060,HIGHSCHOOL
C_02_061,CALL1
C_02_062,BLUE
C_02_063,UNIVERSITY
C_02_064,ORDER1
C_02_065,WEAK
C_02_066,CHILDREN
C_02_067,FEW
C_02_068,COLD
C_02_069,LINE
C_02_070,COMB2
C_02_071,COUGH
C_02_072,HOUR
C_02_073,WAY
C_02_074,WITH
C_02_076,BIRTH
C_02_078,AGREEMENT
C_02_079,NEVER
C_02_080,9OCLOCK
C_02_081,HAIRCUT
C_02_082,PERCENT
C_02_083,FRUIT
C_02_084,JIGSAWPUZZLE
C_02_085,ACCOMPLISH
C_02_086,CAPTION
C_02_087,MOUTH
C_02_088,PINEAPPLE1
C_02_089,JUMP
C_02_090,RED
C_03_002,EARTH
C_03_003,MAGNET2
C_03_005,EMPEROR
C_03_006,DEEP
C_03_007,FALL2
C_03_008,ADULT
C_03_009,INDIAN
C_03_010,PROBLEM2
C_03_011,EARRING
C_03_012,SUSPECT
C_03_013,WANT2
C_03_014,BLINDS2
C_03_015,BONE
C_03_016,FAST
C_03_018,STRANGE
C_03_019,BOOTS2
C_03_020,SQUIRREL
C_03_021,KNEEL
C_03_022,PITY
C_03_023,CHANNEL
C_03_024,ORAL
C_03_025,BOX
C_03_026,DIRTY
C_03_027,MISUNDERSTAND
C_03_028,LAUGH
C_03_029,DART
C_03_030,SODA
C_03_031,WOOD
C_03_032,JEWISH
C_03_033,PAIN
C_03_034,CANADA
C_03_035,SPORTS
C_03_036,ORDER2
C_03_037,PROTECTION
C_03_038,COVERUP
C_03_039,SCAN
C_03_040,MEDICINE
C_03_041,NO
C_03_042,LAPTOP
C_03_043,ARM1
C_03_044,SURE
C_03_046,DOWNLOAD
C_03_047,GAME
C_03_048,LECTURE
C_03_049,BOWL
C_03_051,JEALOUS
C_03_052,DROP
C_03_053,THINK
C_03_054,STOMACH
C_03_055,EARN
C_03_056,GO
C_03_057,KID
C_03_058,COUNTRY
C_03_059,THAT
C_03_060,CANDLE
C_03_061,VOICE
C_03_062,NOW
C_03_063,STAMP3
C_03_064,APPEAR
C_03_065,NURSE
C_03_066,SNEEZE2
C_03_067,FOREIGNER2
C_03_069,POWER
C_03_070,MONDAY
C_03_071,THIRSTY
C_03_072,WEATHER
C_03_073,GIRL
C_03_074,COME
C_03_075,SHOP2
C_03_076,SECRET
C_03_077,DRUNK
C_03_078,HAPPY
C_03_079,HONOR
C_03_080,FUTURE
C_03_081,THROW1
C_03_082,MEETING
C_03_084,SCROLLDOWN
C_03_085,BEARD
C_03_086,WHEN
C_03_087,SMOKING
C_03_088,ALL
C_03_089,SCHOOL
C_03_090,PRAYER
D_01_006,CLEAR
D_01_007,OLD
D_01_008,PERFECT
D_01_009,WELL
D_01_010,STOP
D_01_011,MOTORCYCLE
D_01_012,FINALLY
D_01_013,KILL
D_01_014,EGO
D_01_015,WINE
D_01_016,ADDRESS
D_01_017,DROWN3
D_01_018,COINS
D_01_019,PREACHER
D_01_020,YELLOW
D_01_021,NAME
D_01_022,BUSINESS
D_01_023,SHOCKED
D_01_024,YESTERDAY
D_01_025,OFFTHEPOINT
D_01_026,MOVIE2
D_01_027,CHEAT2
D_01_028,SATURDAY
D_01_029,GOSSIP
D_01_030,SMALL
D_01_031,SMILE1
D_01_032,PLIERS
D_01_033,CAKE
D_01_034,ZIPPER
D_01_035,SHAMPOO
D_01_036,DISAPPEAR
D_01_037,JUGGLE
D_01_038,LONGLINE
D_01_040,TEETH
D_01_041,LIST
D_01_042,HELP
D_01_043,CHICAGO
D_01_044,NOTYET
D_01_045,CANOE
D_01_046,JAPAN
D_01_047,THANKSGIVING
D_01_048,PAINT
D_01_049,PENNY
D_01_050,MATCH
D_01_051,WRITE
D_01_052,THEATRE
D_01_053,CORKSCREW2
D_01_054,BIRTHDAY
D_01_055,BOAT
D_01_056,BEDROOM
D_01_057,ZOOMOFF
D_01_058,YEAH
D_01_059,FROM
D_01_060,TEST
D_01_061,PROMOTE
D_01_062,FLOOR
D_01_063,IRON1
D_01_064,COPY
D_01_065,FAUCET
D_01_066,MECHANIC2
D_01_067,WHY
D_01_068,CRAWL1
D_01_069,BREAK
D_01_070,EASY
D_01_071,MASCARA
D_01_072,LOBSTER1
D_01_073,ARRIVE
D_01_074,SAIL1
D_01_075,POINT
D_01_076,INTRODUCE
D_01_077,LATER
D_01_078,LOCK2
D_01_079,DUCK2
D_01_080,TRANSLATE
D_01_081,CROCODILE
D_01_082,HUSBAND
D_01_083,TAIL1
D_01_084,ENOUGH
D_01_085,IDEA
D_01_086,SWEEP
D_01_087,OWL
D_01_088,CAUSE
D_01_089,HERE
D_01_090,SYMPATHY
D_01_091,SHINY
D_01_092,CLOUD1
D_01_093,FEBRUARY
D_02_006,PEG1
D_02_007,LOUD
D_02_008,LUCKY
D_02_009,GOLD
D_02_010,POOLGAME
D_02_011,UNCLE
D_02_012,THERMOMETER
D_02_013,GUESS1
D_02_014,KISS1
D_02_016,PRESIDENT
D_02_017,FORGETFUL
D_02_018,MEET
D_02_019,MAIL1
D_02_020,ENVELOPE1
D_02_021,DIE
D_02_022,MEAT1
D_02_023,SCREWDRIVER1
D_02_024,ALONE
D_02_025,LIGHTER
D_02_026,BICYCLE
D_02_027,SKI
D_02_028,LETKNOW
D_02_029,DIVE
D_02_030,INSURANCE
D_02_031,SIGNLANGUAGE
D_02_032,BANK
D_02_033,ROLLERBLADING
D_02_034,HELMET1
D_02_035,CONFIDENT
D_02_036,DICE
D_02_037,METAL
D_02_038,FORFEIT
D_02_039,DENY
D_02_040,COCACOLA
D_02_041,STEAK
D_02_042,HELICOPTER2
D_02_043,CAR
D_02_044,DRILL
D_02_045,RESTAURANT
D_02_046,GUN1
D_02_047,NIGHT2
D_02_048,FULL
D_02_049,BELIEVE1
D_02_050,TIRED
D_02_051,IMPACT
D_02_052,TEACH1
D_02_053,NEWSPAPER
D_02_054,THINKOVER
D_02_055,HELLO
D_02_056,PATIENT3
D_02_057,WALK1
D_02_058,DOWNSIZE2
D_02_059,METAPHOR
D_02_060,THERE
D_02_061,CALENDAR2
D_02_062,PULL
D_02_063,DRAW
D_02_064,BOTTLE
D_02_065,YOU
D_02_066,INTERPRETER
D_02_067,FINE2
D_02_068,GOD
D_02_069,LIGHTNING
D_02_070,FRAUD
D_02_071,EAR
D_02_072,VOMIT
D_02_073,NUT1
D_02_074,ITALY
D_02_075,SMART
D_02_076,CLOCK2
D_02_077,PUSH
D_02_078,FRANCE
D_02_079,CANDY2
D_02_080,TOAST
D_02_081,RAT
D_02_082,HOW1
D_02_083,LEAF1
D_02_084,WHAT2
D_02_085,HOPE
D_02_086,TROPHY
D_02_087,TOMATO
D_02_088,GERMANY
D_02_089,BATTERY
D_02_090,TEASE
D_02_091,RUSSIA
D_02_092,SWEATER3
D_02_093,AMAZING
D_02_094,WHAT1
D_03_007,FAR
D_03_008,SHAME
D_03_009,INJECT
D_03_010,FRIEND
D_03_011,GAY
D_03_012,ROPE
D_03_013,YOUNG
D_03_014,SINCE
D_03_015,WEDDING
D_03_016,RHINO3
D_03_017,LOYAL
D_03_018,MAGIC
D_03_019,MIME
D_03_020,BEAT
D_03_021,RAKE
D_03_022,CONTACT
D_03_023,POP2
D_03_024,MYSELF
D_03_025,WIFE
D_03_026,PRIEST
D_03_027,CAN1
D_03_028,STETHOSCOPE1
D_03_029,BACK
D_03_030,BUT
D_03_031,HOLIDAY
D_03_032,CONTINUE
D_03_033,ENJOY
D_03_034,SIT
D_03_035,DISNEY
D_03_036,ZERO
D_03_037,LAMP1
D_03_038,TRUE
D_03_039,OFFEND
D_03_040,CRAZY
D_03_041,SUMMARIZE
D_03_042,ELEGANCE
D_03_043,USE
D_03_044,NOTCARE
D_03_045,BROWN
D_03_046,OWN
D_03_049,HORRIBLE
D_03_050,SISTER
D_03_051,BREATHE
D_03_052,EXCUSE
D_03_053,WEST
D_03_055,STIR
D_03_056,OOPS
D_03_057,DECIDE2
D_03_058,SHOP1
D_03_059,FROG
D_03_060,SAW1
D_03_061,CHINA
D_03_062,PRETEND
D_03_063,BEAR
D_03_064,LOSE
D_03_065,MANY
D_03_066,EAGLE2
D_03_067,SPIDER
D_03_068,AIRPLANE
D_03_069,IGNORE
D_03_070,FLY
D_03_071,KNITTING2
D_03_072,FOREVER1
D_03_073,TOOTHBRUSH
D_03_074,BUY
D_03_075,SING
D_03_076,CREATE
D_03_077,WEIGH
D_03_078,COOK
D_03_079,KANGAROO3
D_03_080,DEMAND1
D_03_081,RELAX1
D_03_082,EAST
D_03_083,LESSON
D_03_084,VACUUM
D_03_085,GUILTY
D_03_086,HOUSE
D_03_087,SELECT
D_03_088,REVENGE
D_03_089,FORBID
D_03_090,MOVE
D_03_091,SILVER
D_03_092,SUSHI
D_03_093,GLOW
D_03_094,WINK
E_01_002,HURT
E_01_003,PRINCE
E_01_004,BUS
E_01_005,SARCASTIC
E_01_006,GRASP
E_01_007,EGGBEATER
E_01_009,TANKTOP
E_01_010,COOPERATE
E_01_011,YUCKY
E_01_012,DARK2
E_01_013,SHOT
E_01_014,PLENTY
E_01_015,STORY2
E_01_016,ROCKET1
E_01_017,SPEND
E_01_018,SWEATSHIRT
E_01_019,STUCK
E_01_021,BAT3
E_01_022,PLUG1
E_01_024,REQUEST
E_01_025,WANT1
E_01_026,HOTCOMPETITION
E_01_027,OFF
E_01_028,SUSPENDERS2
E_01_029,PLANT
E_01_030,BRAINWASH
E_01_031,CHANGE
E_01_032,GHOST
E_01_033,WASH1
E_01_034,CATEGORY
E_01_036,ENGINESTART
E_01_038,OHISEE
E_01_039,CARBATTERY
E_01_040,AVOID
E_01_042,REDUCE
E_01_043,VITAMINS
E_01_044,THEY2
E_01_046,CHURN
E_01_047,FEDUP
E_01_049,FORK3
E_01_050,SHIELD
E_01_051,PHARMACIST
E_01_052,ELEVEN
E_01_053,FACE
E_01_054,CLEFTCHIN
E_01_055,GIFT
E_01_056,TURNKEY
E_01_057,GETINFORMATIONOUTOF
E_01_058,BYE
E_01_059,BACHELOR
E_01_060,BASKET1
E_01_061,STOCKINGS
E_01_062,SLIPPER
E_01_063,CAROUSEL
E_01_064,TOY3
E_01_066,FLIPSWITCH
E_01_067,TUBETOP
E_01_068,CLOSEEYES
E_01_069,UP
E_01_070,STEP
E_01_071,TEAM
E_01_072,OFFHAND
E_01_073,ACCENT
E_01_074,END
E_01_076,PUTINBACKMIND
E_01_077,NAILCLIPPER
E_01_078,PERSISTENT
E_01_079,DEFLATE
E_01_080,NIECE
E_01_081,STRAIGHT
E_01_082,NOTINTERESTED
E_01_083,BULLDOZER
E_01_084,EVERYDAY
E_01_085,MOST
E_01_087,FASCINATED
E_01_089,WALL
E_01_090,GLASS2
E_01_091,CLOSET2
E_01_092,LETMESEE
E_01_095,BERRY
E_01_096,DODO
E_01_097,HEAR1
E_01_098,BULL
E_01_099,BUDGET
E_01_100,NOT
E_01_101,BASIC
E_01_102,SNORKEL
E_01_103,PASSPORT
E_02_001,FREEDOM
E_02_003,HOLDTOGETHER
E_02_004,SERVE1
E_02_006,TODAY
E_02_007,FIT
E_02_008,SEQUENCE
E_02_009,SEND
E_02_010,GRENADE
E_02_011,STAND2
E_02_012,TENT
E_02_014,DONTWANT
E_02_015,TOOMUCH
E_02_016,SSHH
E_02_017,MISSING
E_02_018,DIVIDE
E_02_019,PROOF
E_02_020,COMEOUT
E_02_021,LICK1
E_02_022,OPENBOOK
E_02_023,DAUGHTER
E_02_024,SPONTANEOUS
E_02_025,FOREVER2
E_02_026,PEEKABOO
E_02_027,AUNT
E_02_028,VASE
E_02_029,TICKET
E_02_030,ADD
E_02_031,NOISE
E_02_032,IMMERSE
E_02_033,APART
E_02_034,CAMERAMAN
E_02_035,MISCHIEVOUS
E_02_036,FLUTE
E_02_037,WEIGHT
E_02_038,SOMETIMES
E_02_040,BUSY
E_02_041,LEARNLESSON
E_02_042,SINK
E_02_043,LESS
E_02_045,ENEMY
E_02_046,CUT
E_02_047,MOTIVATION2
E_02_049,SMELL
E_02_050,WRAP
E_02_052,BUBBLES
E_02_053,DRIVE
E_02_054,HOSE
E_02_055,CHAIN
E_02_056,CHARGECARD
E_02_057,FUN
E_02_059,DEPRESS
E_02_060,SHELF
E_02_061,VIEW
E_02_062,CIRCLE
E_02_063,HANG
E_02_064,CHIMNEY
E_02_065,NOTHING2
E_02_066,OUT
E_02_067,DANGER
E_02_068,BISON
E_02_069,BEANS
E_02_070,THROWAWAY
E_02_071,SHARK1
E_02_072,EMPTY1
E_02_073,GATECLOSE
E_02_074,CONTACTLENS
E_02_075,WINDOWOPEN
E_02_076,ENTER
E_02_077,PEANUTBUTTER
E_02_078,WALRUS
E_02_080,HAIRCLIPPER
E_02_081,YOURSELF
E_02_082,PRESSINMIND
E_02_083,SPENDLOTSOFMONEY
E_02_084,PIZZACUTTER
E_02_085,PIZZA2
E_02_086,SCRUB
E_02_087,UNDER
E_02_088,ROCKET2
E_02_089,MUSHROOM
E_02_090,PARAGRAPH
E_02_091,SPECIFIC
E_02_092,WORKOUT
E_02_093,BELT2
E_02_094,CANNOT
E_02_095,LOLLIPOP
E_02_096,BLOW
E_02_097,PEN
E_02_099,EARSUP
E_02_100,SALTSHAKER
E_02_101,SHARE
E_02_102,BLOND
E_02_103,BIB
E_03_002,OPENWALLET
E_03_003,RESTLESS
E_03_004,ON
E_03_005,SNOWSUIT
E_03_006,FALLINGASLEEP
E_03_007,NAVEL
E_03_008,NINE
E_03_010,MEMORIZEMEMORIZE
E_03_011,ROLL
E_03_012,ALCOHOL
E_03_013,SOFT
E_03_014,PHYSICS
E_03_015,TRUTH
E_03_016,WAND
E_03_017,TECHNOLOGY
E_03_018,BEE2
E_03_019,RAISIN
E_03_020,COST
E_03_021,CAMCORDER
E_03_022,WINTER
E_03_023,SHARK2
E_03_024,ROCKINGCHAIR2
E_03_025,HOP
E_03_027,SCREAM
E_03_028,PARK
E_03_029,CARACCIDENT
E_03_032,EASTER
E_03_033,HEADGRIND
E_03_034,PLAN
E_03_035,BITEONNECK
E_03_036,REFLECT
E_03_037,JOURNEY
E_03_038,FUNNY
E_03_039,GRAB
E_03_040,PICNIC
E_03_041,HANDSOME4
E_03_042,ZOO
E_03_043,FLOAT3
E_03_044,HEAD
E_03_045,SCULPTURE
E_03_046,WHITE
E_03_047,LIPREAD
E_03_048,GOAL
E_03_049,DONTKNOW
E_03_050,SIGN
E_03_051,JUGGLER
E_03_052,DESTROY
E_03_053,SWIM1
E_03_054,RUSH
E_03_055,PROCESS
E_03_056,OBVIOUS
E_03_057,GUIDE
E_03_058,FINS
E_03_059,RELEASE
E_03_060,CONNECTION
E_03_062,IN
E_03_064,GATE
E_03_065,ANSWER
E_03_066,LIGHTSON
E_03_067,HABIT
E_03_068,TRUEBUSINESS
E_03_070,PLATFORM
E_03_071,OUTSIDE
E_03_072,ELEVATOR2
E_03_073,HAMSTER
E_03_074,SPRING
E_03_075,WORD
E_03_076,DISRUPT
E_03_077,SUSPENDERS1
E_03_078,SOAP2
E_03_079,PLAIN
E_03_080,NEXT
E_03_081,DISCUSS
E_03_082,CLEAN
E_03_083,CATAPULT
E_03_085,FAMOUS
E_03_086,TO
E_03_087,ORANGEEYES
E_03_088,KISS3
E_03_091,BEANIE
E_03_092,BIND
E_03_093,HOLDACCOUNTABLE
E_03_094,SLAVE
E_03_095,DIFFERENT
E_03_096,CLOTHES
E_03_097,HEARTTOUCH
E_03_098,DEAF2
E_03_099,EDGE
E_03_100,GRIEVE
E_03_101,SWORD
E_03_102,PJS
E_03_103,CALCULATOR
F_01_001,DECLINE
F_01_002,WOW
F_01_003,HANDSOME2
F_01_004,CAPE
F_01_005,SHAPE
F_01_006,INTUITIVE
F_01_007,TOWEL
F_01_009,SWITZERLAND
F_01_010,SLED1
F_01_011,DRAGON
F_01_012,SUCK
F_01_013,AXE2
F_01_014,COOL2
F_01_015,UNIQUE
F_01_016,CROWN
F_01_017,PEAS1
F_01_018,COWBOY
F_01_019,PLANET
F_01_020,TAKEOFF1
F_01_021,REGISTER
F_01_022,VANILLA
F_01_023,GIVE
F_01_025,CHARGE
F_01_026,TOAGOAL
F_01_027,ANTLERS
F_01_028,ROUGH
F_01_030,BREAKDOWN1
F_01_031,THEN
F_01_032,TWINS1
F_01_033,DONTLIKE
F_01_034,ROBOT
F_01_035,THIS/IT
F_01_036,ESCALATOR
F_01_037,CHAOS
F_01_038,PROPELLER
F_01_039,ROOF
F_01_040,DRUG
F_01_041,BACKOUT
F_01_042,KNOCK
F_01_043,SEEM
F_01_044,EASEL
F_01_045,TAKEPILL
F_01_046,PERFUME2
F_01_047,CANCER1
F_01_049,SHOOTING
F_01_050,MELT
F_01_051,GAMBLE
F_01_052,YOUR
F_01_054,SAUCE
F_01_056,WASHHANDS
F_01_057,SNEAKADVENTURE
F_01_058,PREDICT
F_01_059,FILTER
F_01_060,BOW4
F_01_062,BETTER
F_01_063,PET1
F_01_065,CUTREMOVEVID
F_01_066,BOTTOM
F_01_067,STOPWATCH
F_01_068,EDIT2
F_01_069,SIGNATURE
F_01_070,WASHDISHES
F_01_071,DONUT
F_01_072,AUDIENCE
F_01_073,BREAKFAST2
F_01_074,LOUSY
F_01_075,UPSET2
F_01_076,LUNCH2
F_01_078,BRAILLE
F_01_079,QUIT
F_01_080,GRAY
F_01_081,WALLET
F_01_082,PAY
F_01_083,FENCING
F_01_084,MAD
F_01_085,HEAVY
F_01_086,STATE
F_01_087,SIDEBURNS
F_01_088,PENGUIN
F_01_089,BOLT
F_01_091,SKIN
F_01_092,OPTION
F_01_093,GUILLOTINE1
F_01_094,DESSERT
F_01_095,INSPIRING
F_01_096,GLUE1
F_01_097,HALL
F_01_098,DAMN
F_01_100,SLIDE1
F_01_102,ILOVEYOU
F_01_103,CLIMBLADDER
F_02_001,PARTY2
F_02_002,THAN
F_02_003,DELINQUENT
F_02_004,MUST
F_02_005,HIT1
F_02_006,PEAR
F_02_007,MARRY
F_02_008,HIGHHEELS
F_02_010,CREAM1
F_02_012,HURDLE/TRIP2
F_02_013,ASTRONAUT
F_02_014,INTERESTED
F_02_015,ECLIPSE
F_02_016,LIVINGROOM
F_02_017,SNAP
F_02_018,DEPTH
F_02_019,FOLD1
F_02_020,BANDAID2
F_02_021,AUDITORIUM
F_02_022,LOOKFORWARD
F_02_023,EXPERIENCED
F_02_024,FRACTION
F_02_025,BUTTONS
F_02_026,RISK
F_02_027,BET
F_02_028,BAT1
F_02_030,SPITOUT
F_02_031,UNICORN
F_02_032,IMPRESS
F_02_033,ISOLATED
F_02_034,LETGO
F_02_036,NORMAL
F_02_037,BEG
F_02_038,LEAK
F_02_039,ORANGETHROAT
F_02_040,TOMORROW
F_02_042,SWEATPANTS
F_02_044,HE
F_02_045,BLOWMIND
F_02_046,MEMBER
F_02_047,FINANCE
F_02_048,ACCORDION
F_02_049,DININGROOM
F_02_050,STAY
F_02_052,PEAS2
F_02_053,MICROSCOPE3
F_02_054,BIG
F_02_055,BOMB
F_02_056,CHEAP
F_02_057,FROWN2
F_02_058,HIS
F_02_059,EACH
F_02_060,PLATE
F_02_061,HURRICANE
F_02_062,BEST
F_02_063,POUR2
F_02_064,HONEY1
F_02_065,VAGINA
F_02_066,RIVER2
F_02_067,BEAVER
F_02_068,EXPECT
F_02_069,SLINGSHOT
F_02_070,CHIN
F_02_071,AWAY
F_02_072,TAN
F_02_073,HARP
F_02_074,PSYCHOLOGY
F_02_075,RACE
F_02_076,GRADE
F_02_077,MURDER
F_02_078,HATE
F_02_079,YAWN1
F_02_080,HOLD1
F_02_081,NECK
F_02_082,MAILMAN
F_02_083,ROAD
F_02_084,UDDER
F_02_085,SWING2
F_02_086,HOW2
F_02_087,THINKCONNECT
F_02_088,THIRD1
F_02_089,STICKY
F_02_090,LICK2
F_02_091,RULE
F_02_092,DYE
F_02_093,HOT
F_02_094,SAILBOAT
F_02_096,MICROPHONE
F_02_097,TEMPERBLOWUP
F_02_098,DISTRACTED
F_02_099,CHOP
F_02_100,BALD
F_02_101,FIRETRUCK
F_02_102,DRIP
F_02_103,THEY1
F_03_001,RAINBOW
F_03_002,PRACTICE
F_03_003,BACKYARD
F_03_004,BRING
F_03_005,DRY
F_03_006,DISLIKE
F_03_007,OCTOPUS
F_03_008,NEXTTO
F_03_009,BURP
F_03_010,FREEZE
F_03_011,AUTISM1
F_03_012,ONE
F_03_013,CLAUSE
F_03_014,MONSTER
F_03_015,THUNDER
F_03_016,EARMUFFS
F_03_017,CHASE
F_03_018,KISSONCHEEK
F_03_019,SANTA
F_03_020,BANDAGE
F_03_021,MEAT2
F_03_022,WATERSKI
F_03_023,RIDE2
F_03_024,HYPOCRITE
F_03_025,WILL
F_03_026,SMELLMONEY
F_03_027,WEWILLSEE
F_03_028,BRIGHT
F_03_029,CHRISTMAS1
F_03_030,REDFACED
F_03_031,DOESNTMATTER
F_03_032,SOCCER2
F_03_033,BUFFALO
F_03_034,FIANCE
F_03_035,DICTIONARY
F_03_036,PAYOFFBILLS
F_03_038,DEAF1
F_03_040,HALF
F_03_042,READY
F_03_043,BAT2
F_03_044,COCAINE
F_03_045,INVEST
F_03_046,PUT
F_03_047,GETTHROUGH
F_03_048,SHAKE2
F_03_049,EVENT
F_03_050,BOXING
F_03_051,CURIOUS
F_03_054,STRING
F_03_055,FAN
F_03_057,EVEN
F_03_059,TYPE1
F_03_060,SOUR
F_03_061,BABYSITTER
F_03_063,LIKE
F_03_064,CHEESEGRATER
F_03_065,BOW1
F_03_066,SUPPORT1
F_03_067,CRACK
F_03_069,SIGNINGFLUENTLY
F_03_070,WHEELBARROW
F_03_071,TAKECARE
F_03_072,ARGUE
F_03_073,MARIONETTE
F_03_074,QTIP
F_03_075,DRESSER
F_03_076,ASSISTANT
F_03_077,FLIPFLOPS
F_03_078,LAW
F_03_079,OVER
F_03_080,OK
F_03_081,OR
F_03_082,CLUELESS
F_03_083,CANCEL1
F_03_084,EVERYTHING
F_03_085,DEDICATE2
F_03_086,EMPHASIS
F_03_087,SEVEN
F_03_088,SAUSAGE
F_03_089,SCARMEMORY
F_03_090,TURBAN
F_03_091,WRAPUP1
F_03_093,STAMP2
F_03_094,TAKENOTES
F_03_095,PENIS
F_03_096,BADGE
F_03_097,CLOSET1
F_03_098,OSTRICH
F_03_099,GOTOJAIL
F_03_100,NOTUSEDTO
F_03_101,CHILD
F_03_103,RICH
G_01_001,REFRIGERATOR
G_01_002,SPOTSOMETHING
G_01_003,LIMITED
G_01_004,SOON1
G_01_005,BLAME
G_01_006,FENCE1
G_01_007,HOE
G_01_008,GUILLOTINE2
G_01_009,SOMETHING
G_01_010,ROCKINGCHAIR1
G_01_011,WASHFACE1
G_01_012,ESCAPE
G_01_013,PIZZA1
G_01_014,NEAR
G_01_016,ANY
G_01_017,TAPE
G_01_018,EARLY
G_01_019,JUMPROPE
G_01_020,HIGHLIGHTER
G_01_021,TWOMORE
G_01_022,BUSTED
G_01_023,COMPLAIN
G_01_024,RECORD
G_01_025,CATEPILLAR
G_01_026,LUNGS
G_01_027,FREE
G_01_028,PITCHER
G_01_029,PLACE
G_01_030,SOFTBALL
G_01_031,DATE
G_01_032,SKUNK
G_01_033,PORCUPINE
G_01_034,STARE
G_01_035,TTY
G_01_036,HURDLE/TRIP1
G_01_037,SPILL1
G_01_038,FOREST
G_01_039,THINKPENETRATE
G_01_040,ABBREVIATE
G_01_041,EYESAWAKE
G_01_042,CAMEL
G_01_043,TIREDOF
G_01_044,MAID
G_01_046,WHEELCHAIR
G_01_047,CLICK
G_01_048,CONVINCE1
G_01_049,NOTUNDERSTAND
G_01_051,THOUGHTDISAPPEAR
G_01_052,SUPPORT2
G_01_053,MOVEDOWN
G_01_055,SHARP1
G_01_057,SEAL
G_01_058,FOLLOW2
G_01_059,LONG
G_01_060,NOTMIND
G_01_062,SHAKE1
G_01_063,CHOPSTICKS
G_01_064,BACKPACK2
G_01_065,HANDS
G_01_066,OVERLOOK
G_01_067,SNAIL
G_01_068,LOVE
G_01_069,SO
G_01_070,PAGE
G_01_071,REALSICK
G_01_072,HOLY
G_01_073,MAGNIFY1
G_01_074,GOATEE
G_01_075,HURRY
G_01_076,JAR
G_01_077,RUNOUTOF
G_01_078,AWAKE
G_01_079,CHOKE
G_01_080,FAIR
G_01_081,CHAMPION
G_01_082,IMMATURE
G_01_085,SAFE
G_01_086,STADIUM
G_01_088,HANDCUFFS
G_01_089,HANDSOAP
G_01_090,STUDY
G_01_091,PERSUADE
G_01_092,STRAW
G_01_093,TAKE
G_01_094,SPAIN
G_01_095,MUSCLE
G_01_096,CLAP
G_01_097,TOGETHER
G_01_098,HANDSOME1
G_01_101,BARRETTE
G_01_102,BACKUP
G_01_103,SUIT
G_02_001,GREENBEANS
G_02_002,PASSOUT
G_02_003,ZEBRA
G_02_004,HONGKONG
G_02_005,STAPLER
G_02_007,PUTASIDE
G_02_008,LEATHER
G_02_009,FREAKOUT
G_02_010,GUM
G_02_011,BELIEVE2
G_02_012,COMPASS
G_02_013,COUCH
G_02_014,NOON1
G_02_015,THINKEXPAND
G_02_016,BLESS
G_02_017,VAIN
G_02_018,BELL
G_02_019,DIGUP
G_02_021,NET
G_02_022,CONFIDENTIAL
G_02_023,WISE
G_02_024,EXAMPLE
G_02_025,HIDE
G_02_026,OPERATEMACHINE
G_02_027,SLED2
G_02_028,GARLIC
G_02_029,BEACH
G_02_030,HANUKKAH
G_02_032,TISSUE
G_02_033,CATCH3
G_02_034,FRAME
G_02_035,HALLOWEEN2
G_02_036,HUG
G_02_037,CANNON
G_02_038,SKILL
G_02_039,VERYINTERESTED
G_02_040,INTENTIONAL
G_02_041,HEN
G_02_043,LIPS
G_02_044,EFFECT
G_02_045,NERVE
G_02_046,FRINGE
G_02_047,CONCERNED
G_02_048,CELERY
G_02_049,MISS
G_02_051,INSPIRE
G_02_053,BEFORE
G_02_054,COUNT
G_02_055,BLINK
G_02_056,ENERGY
G_02_057,EDIT1
G_02_058,BOYFRIEND
G_02_059,PARTY1
G_02_060,RUIN
G_02_062,INNOCENT
G_02_063,BOW2
G_02_066,LAND
G_02_067,OUR
G_02_069,DREADLOCKS
G_02_070,THRILLED
G_02_071,CLAW
G_02_072,BASEBALLCAP
G_02_073,EASYTODO
G_02_074,SAVEMONEY
G_02_075,ANALYZE
G_02_076,NOOSE
G_02_077,POPE
G_02_078,WATCH
G_02_079,SHOULD
G_02_080,WINDY
G_02_081,LUNCH1
G_02_082,LIFT1
G_02_083,SOPHISTICATED
G_02_084,PROGRAM
G_02_085,STILL
G_02_086,RULER
G_02_087,WRITEONWALL
G_02_088,PEACOCK
G_02_089,W.H.A.T
G_02_090,VALLEY
G_02_091,CHEW2
G_02_092,FLAG2
G_02_093,ROB
G_02_096,PINON
G_02_097,FINGER
G_02_098,STAMP1
G_02_099,BITE2
G_02_100,MOOSE
G_02_101,VERY
G_02_102,DISPATCH
G_02_103,HAHA
G_03_002,NOON2
G_03_003,GYM
G_03_004,CALM
G_03_006,SOFA
G_03_007,TRUCK1
G_03_008,HELL
G_03_009,TEARRIP1
G_03_010,NAIL
G_03_011,HALLOWEEN1
G_03_012,SPREAD1
G_03_013,WHALE
G_03_014,BLOOM
G_03_015,SAXOPHONE
G_03_016,HAIRDRESSER
G_03_017,IF
G_03_018,DISAPPOINT
G_03_019,WE
G_03_020,ICE
G_03_021,GOINGTHROUGHAHARDTIME
G_03_022,JUICE2
G_03_023,FORM
G_03_024,ROSE
G_03_025,MELON
G_03_026,SHUTOUT
G_03_027,STRONG
G_03_028,PLUMMET
G_03_029,LOOKLIKE
G_03_030,RESIST
G_03_031,BEND
G_03_032,TENDYOUR
G_03_034,SIX
G_03_035,JUICE1
G_03_036,ELEVATOR1
G_03_037,MOTIVATION1
G_03_039,JOIN
G_03_041,HINGE
G_03_042,TUBE
G_03_043,FIX
G_03_044,DINNER1
G_03_046,FAINT
G_03_047,ROW
G_03_048,BEAK
G_03_049,JELLYFISH
G_03_050,AVERAGE
G_03_051,GONE
G_03_052,CHEEK
G_03_054,HARMONICA
G_03_055,DOWN
G_03_056,CANCER2
G_03_057,TONGUE
G_03_058,FEED2
G_03_059,NICE
G_03_060,ARCHEOLOGY
G_03_061,SAVE
G_03_062,PLAYERS
G_03_063,TOUCH
G_03_064,OVERWHELMED
G_03_065,SIREN
G_03_066,AXE1
G_03_067,TEMPORARY
G_03_068,PANCAKE
G_03_069,PULLCONVINCE
G_03_070,BASKET2
G_03_071,NONSENSE
G_03_073,SNOWMAN
G_03_074,YES
G_03_075,NOSE
G_03_076,OCEAN
G_03_077,MUMMY
G_03_078,INVISIBLE
G_03_079,THINKOBSESS
G_03_080,FAKE
G_03_081,MEMORIZE
G_03_082,DONTCARE
G_03_083,GOODYGOODY
G_03_084,CLOSE
G_03_086,JOKE
G_03_087,KICK2
G_03_088,OPEN
G_03_089,TENDENCY
G_03_090,DEFEAT
G_03_091,BACKPACK1
G_03_093,PERMISSION
G_03_094,DEDICATE1
G_03_095,THESE
G_03_096,GOOSEBUMPS
G_03_099,SENATE
G_03_101,BOIL2
G_03_102,MEGAPHONE
G_03_103,EVIDENCE
H_01_001,ONLYONE
H_01_002,SOCIETY
H_01_004,LINGUISTICS
H_01_005,COMMENT
H_01_006,PERSPECTIVE
H_01_007,CROSS3
H_01_008,SCOLD
H_01_009,WEEKEND
H_01_011,WORSE
H_01_012,POSTPONE
H_01_013,OOH
H_01_014,DIRECTOR
H_01_015,SELF
H_01_016,SUSPEND
H_01_017,DISCONNECT
H_01_018,SINGLE
H_01_019,WATERDROP
H_01_021,SOCIALIZE
H_01_022,DEAFSCHOOL
H_01_023,TALK2
H_01_025,SENTENCE2
H_01_026,POWDER
H_01_027,VISUALIZE
H_01_029,WRING
H_01_030,PRINCIPAL
H_01_031,PREGNANT
H_01_032,GENERATION
H_01_033,ESCALATE
H_01_034,ACQUIRE
H_01_035,STRUCTURE
H_01_036,WADE2
H_01_037,CEMETERY
H_01_038,SPECIALIST
H_01_039,MIDDLE
H_01_040,BOTHER
H_01_042,TRACTOR
H_01_043,PONDER
H_01_044,AGENCY
H_01_045,PROVIDE
H_01_046,SMOKE
H_01_047,INSIDE
H_01_049,SHORTDISTANCE
H_01_050,DEVELOP2
H_01_051,CULTURE
H_01_052,GOBACKANDFORTH
H_01_053,EXPLODE
H_01_054,KNIGHT1
H_01_055,LOAD1
H_01_056,INCH
H_01_057,LESBIAN
H_01_058,BITCH
H_01_059,ANYONE
H_01_060,SCORE
H_01_061,SYSTEM
H_01_062,REFUSE
H_01_063,RELIEF
H_01_064,STINK
H_01_065,TOP
H_01_066,SHAMEONYOU
H_01_068,SPECIAL2
H_01_069,FRY
H_01_071,TOTAL
H_01_073,TICKLE
H_01_074,HONK
H_01_075,SOW
H_01_076,BOTH
H_01_077,FAIL
H_01_078,NEWSTOME
H_01_079,INSTEAD
H_01_082,VOCABULARY
H_01_084,ALLWAY
H_01_085,STRIPE
H_01_086,TOW2
H_01_087,NAKED
H_01_088,BANDAID1
H_01_089,GRANDPARENTS
H_01_090,HADENOUGH
H_01_091,VIDEOGAME
H_01_092,LEAGUE
H_01_093,GETOFF
H_01_095,PINCH1
H_01_096,ALLOFSUDDEN
H_01_097,DOCUMENT
H_01_098,LASTWEEK
H_01_099,FILLOUT
H_01_100,MASSAGE
H_01_101,RANGE
H_01_102,EXCITED
H_01_103,TOPIC
H_01_104,DONTNEED
H_01_105,SHARP2
H_02_003,IMPROVE
H_02_004,BASKETBALL2
H_02_005,SWEETHEART
H_02_006,BLANK
H_02_007,CURLYHAIR
H_02_008,BECOME
H_02_009,DELIBERATE
H_02_010,MIX1
H_02_011,WEIRD
H_02_013,SUNBATHE2
H_02_014,POLE
H_02_015,AREA
H_02_016,PROFOUNDLYDEAF
H_02_017,LOCK1
H_02_018,UNTIL
H_02_020,UNCERTAIN
H_02_021,SAMETIME
H_02_022,ALIGN
H_02_023,PHILADELPHIA
H_02_025,BOILINGMAD
H_02_026,PROPOSE
H_02_027,HANDSOFF
H_02_028,RETRIEVE
H_02_029,PUBLIC
H_02_030,DENT
H_02_031,INFLUENCE
H_02_032,WHILE
H_02_034,WHYNOT
H_02_035,STIMULATE
H_02_036,ASSIGN
H_02_037,TOSSOUT
H_02_038,CALIFORNIA
H_02_039,TEENAGER
H_02_040,FROMTHENON
H_02_041,EVERYYEAR
H_02_042,ACCEPT
H_02_043,ONEYEARAGO
H_02_044,COMMUTE
H_02_045,CHEERLEADER1
H_02_046,TALKDIRTY
H_02_047,LONGWORD
H_02_049,QUARTER
H_02_050,CASUAL
H_02_051,SWEAT
H_02_052,GRADUATESCHOOL
H_02_053,THANKYOU
H_02_054,INTERVIEW
H_02_056,PUMPKIN
H_02_057,INFECTION
H_02_058,PLOW1
H_02_060,PACK
H_02_061,TIMEPROGRESS
H_02_062,VOLUNTEER
H_02_063,HEARTBODY
H_02_064,KNOWNOTHING
H_02_065,CIRCUSWHEEL
H_02_067,RESCUE
H_02_068,WIND
H_02_069,CAUGHT
H_02_070,APRIL
H_02_071,PRECIOUS
H_02_072,GOTCHA
H_02_073,ADDICT
H_02_074,COMEHERE
H_02_075,HOLDHANDS
H_02_076,EACHOTHER
H_02_077,NEEDLE
H_02_078,OIL2
H_02_079,REALLYINTO
H_02_080,INTELLIGENT
H_02_081,WEAVE
H_02_083,COACH
H_02_084,SCRATCH
H_02_085,BRICK
H_02_086,ACCESS
H_02_087,ALASKA
H_02_088,FLIP
H_02_089,MODEL2
H_02_090,TWOOFUS
H_02_092,SHORTPERSON
H_02_093,ALLDAY
H_02_096,SOUND
H_02_098,VANISH
H_02_099,SCOUT
H_02_100,PAGEANT
H_02_101,SMOOTH
H_02_102,DIZZY
H_02_103,DOG4
H_02_104,CRANKY
H_03_001,DELEGATE
H_03_002,EXPERIMENT
H_03_003,AGAINST
H_03_004,FOURTH
H_03_005,KEEP
H_03_006,PRESS
H_03_007,STORY1
H_03_008,DUTY
H_03_009,LUCK
H_03_010,TOUGH
H_03_011,DUE
H_03_012,DOWNHILL
H_03_013,CONVINCE2
H_03_016,YOYO
H_03_017,ERUPT1
H_03_018,SHAVE5
H_03_019,SQUEEZE
H_03_021,WITHOUT
H_03_022,STING
H_03_023,SOON2
H_03_024,OLDEST
H_03_025,ALITTLEBIT
H_03_026,PROTEST
H_03_027,HUNDRED
H_03_028,GIVEUP
H_03_029,FOLLOW4
H_03_030,SOCIAL
H_03_031,PAIR
H_03_032,COOL1
H_03_033,PASS
H_03_034,ROLLUPSLEEVES
H_03_035,KNOCKOFF
H_03_036,ROLE
H_03_037,BARELY
H_03_038,REMEMBER1
H_03_039,EYETURN
H_03_040,JEWELRY
H_03_041,ONEMORE1
H_03_044,NOBIGDEAL
H_03_046,SURGERY
H_03_047,UPSET1
H_03_048,CAPTURE
H_03_049,NAVY
H_03_050,TAKEOFF2
H_03_051,VALIDATE
H_03_052,PEEL3
H_03_053,MOSQUITO
H_03_055,US
H_03_056,PISSEDOFF
H_03_057,BOUNCE
H_03_058,COMFORTABLE
H_03_059,ADVANTAGE
H_03_060,SHARPEN1
H_03_061,CLOSEDOOR
H_03_062,KINDERGARTEN
H_03_063,HUMOR
H_03_064,MAPLE
H_03_065,REACT
H_03_066,SITUATION
H_03_067,PARALLEL
H_03_069,WHEEL
H_03_070,TOY1
H_03_071,IDENTITY
H_03_072,POOP
H_03_073,ROOMMATE
H_03_074,ARREST1
H_03_075,WHISPER
H_03_076,DEPENDON
H_03_078,ALLOVERBODY
H_03_079,POSSUM
H_03_080,VISIT
H_03_081,SCRIPT
H_03_082,UNAWARE
H_03_083,INSTAGRAM
H_03_084,DOUBLE
H_03_085,VALUE
H_03_088,THERAPY
H_03_089,SUNRISE
H_03_090,RECENT1
H_03_091,MEXICAN2
H_03_093,SPACE
H_03_094,SIGNPAPER
H_03_095,PHILOSOPHY
H_03_096,HEAP
H_03_097,SENIORCITIZEN
H_03_098,PICKLE
H_03_099,COOL3
H_03_100,HEADBACK
H_03_101,OPINION2
H_03_102,STRUGGLE
H_03_104,HOOD
H_03_105,LEAVEALONE
J_01_001,GROUP
J_01_002,FEEDBACK
J_01_003,DILEMMA
J_01_004,COOL4
J_01_005,DONTFEELLIKE
J_01_006,FINGERSCROSSED
J_01_007,STORY3
J_01_008,NEGATIVE
J_01_009,EXPRESS
J_01_010,FASHION
J_01_011,STEAM
J_01_012,DONKEY
J_01_013,MARCH
J_01_014,ARTICULATESIGN
J_01_015,COMMUNITY
J_01_016,POPULAR
J_01_017,LOST
J_01_018,SUPERVISE
J_01_020,TIMETOTIME
J_01_021,DEGREE
J_01_022,ENVIRONMENT
J_01_023,MANAGE
J_01_024,SHOOT1
J_01_025,VISION
J_01_026,LONGAGO
J_01_027,ABSOLUTELYNOTHING
J_01_028,SCULPT
J_01_029,RESPECT
J_01_030,YAY
J_01_031,CLIENT
J_01_033,WRESTLE
J_01_034,MINDTURNED
J_01_035,SLICE2
J_01_036,GROWUP
J_01_037,MEDITATE1
J_01_038,PHOTOGRAPHY
J_01_039,RESULT
J_01_040,AFTERNOON
J_01_041,GOAHEAD
J_01_042,GREET1
J_01_044,ALLTOGETHER
J_01_045,FANTASY
J_01_046,LEAD
J_01_047,BREAKTIME
J_01_048,AUTOMATIC
J_01_049,FOUL
J_01_050,HARDOFHEARING
J_01_051,PUNCHFACE
J_01_052,CURL2
J_01_053,BREAKFAST1
J_01_054,PROJECT
J_01_055,AT
J_01_056,TOY2
J_01_057,MAJOR
J_01_060,SQUARE
J_01_061,SINGLEOUT
J_01_062,SQUAREIDIOT
J_01_063,DIP1
J_01_064,CROSSHEART
J_01_065,TURN
J_01_066,ONEMORE2
J_01_067,REGULAR
J_01_068,ITCH
J_01_070,ELEMENTARYSCHOOL
J_01_072,GOODYGOODYSHOEOPPOSITE
J_01_073,CATCH1
J_01_074,PRIORITY
J_01_075,DIFFERENTSITUATION
J_01_076,OVERNIGHT
J_01_077,EMPTY2
J_01_078,WASHFACE2
J_01_079,FOND
J_01_081,TASTE
J_01_082,TRANSGENDER
J_01_083,CLIP
J_01_084,RESIGN
J_01_085,EITHER
J_01_086,POLISH
J_01_087,DOMINANT
J_01_088,LEND
J_01_091,CEILING
J_01_092,KITTEN
J_01_093,STRANGLE
J_01_094,LOOKBACK
J_01_095,WILLGO
J_01_096,STACK3
J_01_097,VISITOR
J_01_099,SEVERAL
J_01_100,RUN2
J_01_101,CONSUME
J_01_102,TWIRL
J_01_103,BRAINSTORM
J_01_105,BOARD
J_01_106,PROXIMALIZATION
J_01_107,SOPHOMORE
J_01_108,OPINION1
J_01_109,INTERVENE
J_01_110,CONFUSED1
J_02_001,SUNDAY
J_02_004,LAYDOWN
J_02_005,MODEL1
J_02_006,HEAR2
J_02_007,OVERTAKE
J_02_009,INTERPRET
J_02_010,SUPERVISOR
J_02_011,QM
J_02_012,SOMERSAULT3
J_02_013,AGAIN
J_02_014,JAWDROP
J_02_016,SWEARIN
J_02_017,CRASH
J_02_018,SHAVE1
J_02_019,HOWL
J_02_020,SPECIAL1
J_02_021,PARANOID
J_02_022,HOSPITAL2
J_02_023,DINNER2
J_02_024,HALFHOUR
J_02_025,HEADCOLD
J_02_027,CHEW1
J_02_030,SLIP2
J_02_032,INEPT
J_02_033,CHERISH
J_02_034,HITCHHIKE
J_02_035,VIBRATE
J_02_037,BURN
J_02_038,ROAST
J_02_039,DRAG1
J_02_040,CANCEL2
J_02_041,ARTICLE
J_02_042,CARRY
J_02_043,WHITEPERSON
J_02_045,MEXICAN1
J_02_046,NONE
J_02_047,INSTITUTE
J_02_048,CALL2
J_02_049,WHOLE
J_02_050,POSITIVE
J_02_051,BARK2
J_02_052,WIDE
J_02_053,FADE
J_02_054,WELCOME2
J_02_055,WORKSHOP
J_02_056,RECENT2
J_02_058,EVERYNIGHT
J_02_059,ONCE
J_02_060,STAYAWAKE24HRS
J_02_061,FACULTY
J_02_062,ADMIT
J_02_063,PERCEIVE
J_02_064,ALLOVER
J_02_065,SUPERIOR
J_02_066,FORMER
J_02_067,CONFUSED2
J_02_068,DOG2
J_02_069,HATCH1
J_02_070,TRUCK2
J_02_071,FUNCTION
J_02_072,THIRD2
J_02_073,GETTOGETHER
J_02_074,DEALCARDS
J_02_075,NETWORK
J_02_077,TRIPLE
J_02_078,RECITE
J_02_079,STUMBLE
J_02_080,TRIANGLE
J_02_081,SAMESAME
J_02_084,CONFLICT
J_02_086,TURNAROUND
J_02_087,SHORTWORD
J_02_088,NOTATHING
J_02_089,TWINS2
J_02_090,OPPORTUNITY
J_02_091,SENSITIVE
J_02_092,REMOVE
J_02_094,GRIND
J_02_095,QUALITY
J_02_097,MAKEBELIEVE
J_02_099,EIGHT
J_02_100,CELEBRATE
J_02_101,BEE1
J_02_102,FOOL
J_02_103,REMIND
J_02_104,BLOUSE
J_02_105,LABEL
J_02_106,OFTEN
J_02_107,PERIOD
J_03_001,BOSTON
J_03_002,OBSESS
J_03_003,BETWEEN
J_03_004,SEESEE
J_03_005,SHOUT1
J_03_007,REPLACE
J_03_008,MESS
J_03_009,TOSS
J_03_010,GETINBED
J_03_012,MENTION
J_03_013,LONGTIME
J_03_014,ADOPT
J_03_015,ADVERTISE
J_03_016,GREAT
J_03_017,GOTHROUGH
J_03_018,HANDSOME3
J_03_019,DISSECT
J_03_021,ALLGONE
J_03_022,ARIZONA
J_03_023,TRADITION
J_03_024,SELL
J_03_025,ALRIGHT
J_03_026,RIDE1
J_03_027,VLOG
J_03_028,TRANSFER
J_03_029,SWEET
J_03_030,CHAMP
J_03_031,DEMOTE
J_03_032,NOTHINGATALL
J_03_033,ORGANIZATION
J_03_034,FRIENDSNOMORE1
J_03_035,AUSTRALIA
J_03_036,SPICY
J_03_037,MAINSTREAM
J_03_038,KISSFIST
J_03_039,RESENT
J_03_040,INDEPENDENT
J_03_042,THEORY
J_03_043,RESTALLDAY
J_03_044,SCOOP
J_03_045,PLUS
J_03_046,FIFTH
J_03_048,INHALE
J_03_049,ADMIRE
J_03_050,VEST
J_03_051,PRODUCESIGN
J_03_052,HONEY2
J_03_053,BULLSHIT
J_03_054,HAWAII
J_03_055,SIDE
J_03_056,FOCUS
J_03_057,DRESSUP
J_03_058,FIRED
J_03_060,CHEER
J_03_061,CHRISTMAS2
J_03_062,ROAR1
J_03_063,POLICY
J_03_065,CARDS
J_03_066,TWOWEEKS
J_03_067,WALK2
J_03_068,ATHLETE
J_03_070,STAND-UP
J_03_071,CORNER
J_03_072,COMMITTEE
J_03_074,SPACESHIP
J_03_075,BLEED
J_03_076,ALWAYS
J_03_077,MINIMUM2
J_03_078,GRAMMAR
J_03_079,UNDERGRADUATE
J_03_080,INCREDIBLE
J_03_081,DISSOLVE
J_03_082,JUNIOR
J_03_083,NEXTYEAR
J_03_084,RETIRE
J_03_085,ERASE1
J_03_086,GESTURE
J_03_087,TUESDAY
J_03_088,BLUR
J_03_091,ATTITUDE
J_03_092,DEVELOP1
J_03_093,ASSIST
J_03_094,DARK1
J_03_095,RIGHT3
J_03_096,ASSEMBLY
J_03_099,EXPERT
J_03_100,BLUSH
J_03_101,NEXTDOWN
J_03_102,FILE3
J_03_103,LEFT
J_03_104,DESIGN
J_03_105,SHAKESPEARE
J_03_106,HATBRIM
K_01_003,CRY2
K_01_004,LAMP2
K_01_005,KISS2
K_01_006,SUCKTHUMB
K_01_007,HATCH2
K_01_008,SWEATER2
K_01_009,STRAWBERRY3
K_01_010,GRAPES2
K_01_011,PIPE4
K_01_012,GLOVES2
K_01_013,BASKETBALL3
K_01_014,SCREWDRIVER3
K_01_015,SANDWICH2
K_01_016,CHEERLEADER2
K_01_017,CASTLE2
K_01_018,BRIDGE2
K_01_019,STACK4
K_01_021,IPHONE
K_01_022,DRAG2
K_01_023,ARREST2
K_01_024,WALK-TIGHTROPE-CL
K_01_025,SNOWBOARD
K_01_026,MAGNET1
K_01_027,FORK4
K_01_028,SLICE1
K_01_030,MINE
K_01_032,CLASH
K_01_033,MEDITATE2
K_01_034,CRASHPLANE
K_01_035,LICKENVELOPE1
K_01_036,TURKEY2
K_01_037,KANGAROO2
K_01_038,FILE1
K_01_040,AUTISM2
K_01_041,ENVELOPE2
K_01_042,BABY2
K_01_043,TIEUP2
K_01_045,DROWN2
K_01_046,CREAM2
K_01_047,DEVOUR
K_01_048,SAIL2
K_01_049,POP3
K_01_050,FISHING2
K_01_051,LOBSTER3
K_01_052,PEEL1
K_01_053,KNIGHT3
K_01_054,WRISTWATCH2
K_01_055,DOG3
K_01_056,PINEAPPLE4
K_01_057,FLASHLIGHT2
K_01_058,SLIDE2
K_01_059,PARACHUTE3
K_01_060,CONDUCT1
K_01_061,BANANA4
K_01_062,TRIM1
K_01_063,PLUG2
K_01_064,SPILL2
K_01_065,DIP2
K_01_066,HELMET2
K_01_067,BOWLING2
K_01_068,THROW2
K_01_069,GUN2
K_01_070,BLOWCANDLE1
K_01_071,NECKLACE3
K_01_072,CURL1
K_01_073,DECORATE1
K_01_074,BARK1
K_01_075,STETHOSCOPE4
K_01_076,STRAIN2
K_01_077,OIL1
K_01_078,SHOULDER2
K_01_079,SKATEBOARDING2
K_01_080,SNAPSTICK
K_01_081,BURY4
K_01_082,FLOAT1
K_01_083,SPREAD2
K_01_084,PINEAPPLE3
K_01_085,CORKSCREW1
K_01_086,SCARF3
K_01_087,KNIGHT2
K_01_088,RHINO2
K_01_089,TAIL2
K_01_090,BRA2
K_01_091,HAIRDRYER3
K_01_092,NOSEBLEED
K_01_093,DROWN4
K_01_094,POUR1
K_01_095,ARM2
K_01_096,ELECTROCUTE
K_01_097,PILLOW2
K_01_098,TOW3
K_01_099,ERASE3
K_01_100,CHEW2MOUTH
K_01_101,WOMAN2
K_01_102,LIGHT
K_01_103,PEG2
K_01_104,MONEY2
K_01_105,CARROT3
K_01_107,REACH
K_01_108,SHIRT2
K_01_109,SHARPEN2
K_01_110,YAWN2
K_01_111,HIT2
K_01_112,MAIL2
K_01_113,FOLLOW1
K_01_114,AWARD
K_01_115,GLASS3
K_01_116,JACKET3
K_01_117,LISTEN
K_01_118,WINDMILL2
K_01_119,ERUPT2
K_01_120,THINKPONDER
K_01_121,VILLAGE
K_01_122,RIBBONAWARD
K_01_123,BUMPY
K_01_124,CRUMPLE
K_01_125,HUMMINGBIRD
K_01_126,LOCKER
K_01_127,UNIVERSE
K_01_128,CELLPHONE
K_02_002,ARM3
K_02_003,LOAD2
K_02_004,HELICOPTER1
K_02_006,CURTSEY2
K_02_007,SAW2
K_02_008,MICROSCOPE2
K_02_009,MAGNET4
K_02_010,TOW1
K_02_011,PINEAPPLE5
K_02_012,KANGAROO1
K_02_014,BURY2
K_02_015,BAG2
K_02_016,BOW3
K_02_017,STRAWBERRY4
K_02_018,PIPE2
K_02_019,CASTLE3
K_02_020,TRIP1
K_02_021,DOLPHIN2
K_02_022,BLOWCANDLE2
K_02_023,SNEEZE1
K_02_024,WASH2
K_02_025,KNITTING3
K_02_026,CARVE
K_02_027,CAN2
K_02_028,LICKENVELOPE2
K_02_029,TIE2
K_02_030,DECORATE2
K_02_031,STETHOSCOPE3
K_02_032,RELAX2
K_02_033,SLIP1
K_02_034,KNIGHT4
K_02_035,FEED1
K_02_036,FILE2
K_02_037,SPLASH-CA
K_02_038,CLOCK1
K_02_039,BRA3
K_02_040,CRY4
K_02_041,CHEW3
K_02_042,ERASE5
K_02_043,SHAVE3
K_02_044,HOODIE1
K_02_045,BITE1
K_02_047,CAT2
K_02_048,YAWN4
K_02_049,PILLOW3
K_02_050,FORK1
K_02_051,WINDMILL3
K_02_052,DIP3
K_02_053,HAIR2
K_02_054,MEASURE2
K_02_055,TEACH2
K_02_056,BUCKLE1
K_02_057,SLICE4
K_02_058,CATCHBASEBALL
K_02_059,GLASS1
K_02_060,HIPPO2
K_02_061,SERVE2
K_02_062,WRAPUP2
K_02_063,TIMEOUT
K_02_064,MOP2
K_02_066,NUT2
K_02_067,LOCK3
K_02_068,DUCK1
K_02_069,HANGCLOTHES
K_02_070,FRISK
K_02_071,CLOUD4
K_02_072,FOLD2
K_02_073,LEAF2
K_02_074,DRIBBLE
K_02_075,SUMMON
K_02_076,CITY2
K_02_078,CORN3
K_02_079,JACKET2
K_02_080,NECKLACE4
K_02_081,STAND1
K_02_083,POINTINDEX
K_02_084,SHOUT2
K_02_085,PET2
K_02_086,SANDWICH4
K_02_087,PEACH2
K_02_088,CRAWL2
K_02_089,PLOW2
K_02_090,SWEATER1
K_02_091,CONDUCT3
K_02_092,FLASHLIGHT3
K_02_093,BURY3
K_02_094,ROAR2
K_02_095,GREET2
K_02_096,BARK3
K_02_097,BANANA2
K_02_098,MIX3
K_02_099,FLASHLIGHT4
K_02_100,ENVELOPE5
K_02_101,BATHTUB
K_02_102,STACK1
K_02_103,PEEL2
K_02_104,PANTS2
K_02_105,GLOVES3
K_02_106,IRON3
K_02_107,ENVELOPE3
K_02_108,STRETCH2
K_02_110,SKATEBOARDING3
K_02_111,DROWN1
K_02_112,UNDERWEAR2
K_02_113,CHERRY1
K_02_114,SHOOT2
K_02_115,POP4
K_02_116,LIGHTCANDLE
K_02_117,KITE2
K_02_118,SOMERSAULT1
K_02_119,DIG
K_02_120,SCARF2
K_02_121,RACECARTRACK
K_02_122,HOODIE2
K_02_123,FUZZY
K_02_124,HOLD2
K_02_125,LICENSE
K_02_126,TABLET
K_02_127,CREWCUT
K_03_002,ELEVATOR3
K_03_003,FORK2
K_03_004,BED2
K_03_005,PARACHUTE2
K_03_006,SHOULDER3
K_03_007,FLOAT2
K_03_008,SHOVEL2
K_03_009,YAWN3
K_03_010,PECK
K_03_011,VIDEOCAMERA2
K_03_013,KNITTING1
K_03_014,BANANA3
K_03_015,DOCTOR2
K_03_016,FOLLOW3
K_03_017,LEMON2
K_03_018,BURY1
K_03_019,TINY
K_03_020,IMAGINE2
K_03_021,EAGLE1
K_03_022,WITCH2
K_03_023,SMILE2
K_03_024,WADE1
K_03_027,DENTIST2
K_03_028,CROSS2
K_03_029,LIFT2
K_03_031,POP1
K_03_032,DOLPHIN3
K_03_033,SKI-CA
K_03_034,SUNBATHE1
K_03_035,TIEUP1
K_03_036,ARREST3
K_03_037,FENCE2
K_03_038,CURTSEY1
K_03_039,LOBSTER2
K_03_040,IRON2
K_03_041,SCREWDRIVER2
K_03_043,KNIFE2
K_03_044,WRISTWATCH3
K_03_045,STRAIN1
K_03_047,DINOSAUR2
K_03_048,MEACULPA
K_03_049,GLOVES4
K_03_050,TEARRIP2
K_03_052,FIREMAN2
K_03_053,JACKET4
K_03_054,BOIL1
K_03_055,WHISTLE2
K_03_056,HAIRDRYER2
K_03_057,CONDUCT2
K_03_058,TOOTHBRUSH-CA
K_03_059,CLOUD3
K_03_060,CRY3
K_03_061,MEDITATE3
K_03_062,ENVELOPE4
K_03_063,HELICOPTER3
K_03_064,SOMERSAULT2
K_03_065,COMB1
K_03_066,MAGNET3
K_03_067,SLICE3
K_03_068,OIL3
K_03_069,STACK2
K_03_070,MILK2
K_03_071,PICK
K_03_072,SANDWICH3
K_03_073,BUCKLE2
K_03_075,CARROT2
K_03_076,PINEAPPLE2
K_03_077,DROWN5
K_03_078,STRETCH-CA
K_03_080,SPREAD3
K_03_081,SNOW2
K_03_082,BITEONARM
K_03_083,PEG3
K_03_084,KICK1
K_03_085,SCARF4
K_03_086,STETHOSCOPE2
K_03_087,CAT3
K_03_089,MAGNIFY2
K_03_090,NECKLACE2
K_03_092,DRINK2
K_03_093,CRACKER2
K_03_094,CHEW4
K_03_095,ERASE4
K_03_096,RUNFAUCET
K_03_097,SHARPEN3
K_03_098,ERASE2
K_03_099,HAT2
K_03_100,STRAWBERRY2
K_03_101,BOOTS1
K_03_102,TRIP2
K_03_103,RAZOR2
K_03_104,POLICEMAN2
K_03_105,GUN3
K_03_106,SWIM2
K_03_107,ATLANTA
K_03_108,MOUNTAIN2
K_03_109,CATCH2
K_03_110,CASTLE4
K_03_111,TRIM2
K_03_112,PINCH2
K_03_113,PIPE3
K_03_114,SHAVE4
K_03_115,FROWN1
K_03_116,RHINO1
K_03_117,GLUE2
K_03_118,MIX2
K_03_119,RABBIT2
K_03_120,THINKCHIN
K_03_121,BUN
K_03_122,BORED2
K_03_123,VAMPIRE
K_03_124,BLACKBIRD
K_03_125,BRAIDS
K_03_126,STRETCH1
K_03_127,A-LINEBOB
,ABOVE
,INSTINCT
,LETTER2
,MINIMUM1
,SENTENCE1
,WELCOME1
