"Name","Extension","Length"
"archive (3).zip",".zip","4597039"
"ASL_Citizen.zip",".zip","45924134223"
"corpus_0001.clean.zip",".zip","70027657"
"corpus_0002.clean.zip",".zip","46047282"
"corpus_0003.clean.zip",".zip","55736325"
"corpus_0004.clean.zip",".zip","79181136"
"corpus_0005.clean.zip",".zip","379351242"
"corpus_0006.clean.zip",".zip","254374225"
"corpus_0007.clean.zip",".zip","65756870"
"corpus_0008.clean.zip",".zip","66685"
"corpus_0009.clean.zip",".zip","497307"
"corpus_0010.clean.zip",".zip","9302093"
"corpus_0011.clean.zip",".zip","2912143"
"corpus_0012.clean.zip",".zip","81029757"
"corpus_0013.clean.zip",".zip","219858792"
"corpus_0014.clean.zip",".zip","177888924"
"corpus_0015.clean.zip",".zip","136981208"
"corpus_0016.clean.zip",".zip","73398685"
"wlasl_pkls_cropFalse_defult_shape.zip",".zip","181229620"
