,precision,recall,f1-score,support
a lot,0.0,0.0,0.0,1.0
abdomen,0.0,0.0,0.0,1.0
able,0.0,0.0,0.0,1.0
about,0.0,0.0,0.0,1.0
above,0.0,0.0,0.0,1.0
accent,0.0,0.0,0.0,1.0
accept,0.0,0.0,0.0,2.0
accident,0.0,0.0,0.0,3.0
accomplish,0.0,0.0,0.0,1.0
accountant,0.0,0.0,0.0,1.0
across,0.0,0.0,0.0,1.0
action,0.0,0.0,0.0,1.0
active,0.0,0.0,0.0,1.0
actor,0.0,0.0,0.0,1.0
adapt,0.0,0.0,0.0,1.0
add,0.0,0.0,0.0,1.0
address,0.0,0.0,0.0,1.0
adjective,0.0,0.0,0.0,1.0
adjust,0.0,0.0,0.0,1.0
admire,0.0,0.0,0.0,0.0
admit,0.0,0.0,0.0,0.0
adopt,0.0,0.0,0.0,1.0
adult,0.0,0.0,0.0,1.0
advanced,0.0,0.0,0.0,1.0
advantage,0.0,0.0,0.0,1.0
adverb,0.0,0.0,0.0,1.0
affect,0.0,0.0,0.0,0.0
afraid,0.0,0.0,0.0,1.0
africa,0.0,0.0,0.0,3.0
after,0.0,0.0,0.0,2.0
afternoon,0.0,0.0,0.0,2.0
again,0.0,0.0,0.0,1.0
against,0.0,0.0,0.0,0.0
age,0.0,0.0,0.0,2.0
agenda,0.0,0.0,0.0,1.0
ago,0.0,0.0,0.0,2.0
agree,0.0,0.0,0.0,1.0
ahead,0.0,0.0,0.0,1.0
aid,0.0,0.0,0.0,1.0
aim,0.0,0.0,0.0,1.0
airplane,0.0,0.0,0.0,1.0
alarm,0.0,0.0,0.0,1.0
alcohol,0.0,0.0,0.0,1.0
algebra,0.0,0.0,0.0,1.0
all,0.0,0.0,0.0,2.0
allergy,0.0,0.0,0.0,1.0
alligator,0.0,0.0,0.0,1.0
allow,0.0,0.0,0.0,1.0
almost,0.0,0.0,0.0,0.0
alone,0.0,0.0,0.0,2.0
alphabet,0.0,0.0,0.0,1.0
already,0.0,0.0,0.0,2.0
also,0.0,0.0,0.0,2.0
always,0.0,0.0,0.0,2.0
amazing,0.0,0.0,0.0,1.0
america,0.0,0.0,0.0,2.0
amputate,0.0,0.0,0.0,1.0
analyze,0.0,0.0,0.0,2.0
anatomy,0.0,0.0,0.0,1.0
and,0.0,0.0,0.0,2.0
angel,0.0,0.0,0.0,2.0
angry,0.0,0.0,0.0,1.0
animal,0.0,0.0,0.0,2.0
anniversary,0.0,0.0,0.0,1.0
announce,0.0,0.0,0.0,1.0
annoy,0.0,0.0,0.0,1.0
another,0.0,0.0,0.0,1.0
answer,0.0,0.0,0.0,2.0
any,0.0,0.0,0.0,1.0
anyway,0.0,0.0,0.0,1.0
apartment,0.0,0.0,0.0,1.0
apostrophe,0.0,0.0,0.0,1.0
appear,0.0,0.0,0.0,2.0
appetite,0.0,0.0,0.0,1.0
apple,0.0,0.0,0.0,2.0
appointment,0.0,0.0,0.0,2.0
appreciate,0.0,0.0,0.0,1.0
approach,0.0,0.0,0.0,1.0
appropriate,0.0,0.0,0.0,1.0
approve,0.0,0.0,0.0,2.0
april,0.0,0.0,0.0,1.0
archery,0.0,0.0,0.0,1.0
area,0.0,0.0,0.0,0.0
argue,0.0,0.0,0.0,2.0
arizona,0.0,0.0,0.0,1.0
arm,0.0,0.0,0.0,1.0
army,0.0,0.0,0.0,2.0
around,0.0,0.0,0.0,1.0
arrest,0.0,0.0,0.0,2.0
arrive,0.0,0.0,0.0,2.0
arrogant,0.0,0.0,0.0,1.0
art,0.0,0.0,0.0,2.0
article,0.0,0.0,0.0,0.0
artist,0.0,0.0,0.0,1.0
asia,0.0,0.0,0.0,1.0
ask,0.3333333333333333,0.5,0.4,2.0
asl,0.0,0.0,0.0,2.0
assist,0.0,0.0,0.0,1.0
assistant,0.0,0.0,0.0,1.0
assume,0.0,0.0,0.0,1.0
attention,0.0,0.0,0.0,1.0
attitude,0.0,0.0,0.0,2.0
attorney,0.0,0.0,0.0,1.0
attract,0.0,0.0,0.0,1.0
auction,0.0,0.0,0.0,1.0
audience,0.0,0.0,0.0,0.0
audiologist,0.0,0.0,0.0,1.0
audiology,0.0,0.0,0.0,1.0
august,0.0,0.0,0.0,1.0
aunt,0.0,0.0,0.0,2.0
australia,0.0,0.0,0.0,1.0
author,0.0,0.0,0.0,1.0
authority,0.0,0.0,0.0,1.0
autumn,1.0,1.0,1.0,1.0
available,0.0,0.0,0.0,1.0
accuracy,0.014285714285714285,0.014285714285714285,0.014285714285714285,0.014285714285714285
macro avg,0.011594202898550725,0.013043478260869565,0.01217391304347826,140.0
weighted avg,0.011904761904761904,0.014285714285714285,0.012857142857142857,140.0
